{"email":"laurelmckenzie@gogol.com","phone":"+1 (934) 485-3777","address":"942 Clara Street, Cleary, Guam, 5068","name":"Miss Laurel Mckenzie","account_ending":"8571"}
{"email":"yeseniafleming@protodyne.com","phone":"+1 (816) 535-2637","address":"639 Lee Avenue, Kiskimere, New Mexico, 702","name":"Miss Yesenia Fleming","account_ending":"3269"}
{"email":"hortondillard@isostream.com","phone":"+1 (912) 422-3316","address":"976 Doone Court, Moquino, South Dakota, 3851","name":"Mr. Horton Dillard","account_ending":"7985"}
{"email":"pettygibson@aeora.com","phone":"+1 (909) 570-3225","address":"339 Carroll Street, Crisman, North Carolina, 9087","name":"Mr. Petty Gibson","account_ending":"0467"}
{"email":"jimenezsummers@centree.com","phone":"+1 (829) 511-3905","address":"551 Burnett Street, Kingstowne, New Jersey, 6506","name":"Mr. Jimenez Summers","account_ending":"3630"}
{"email":"robertsonfoley@perkle.com","phone":"+1 (967) 595-3733","address":"340 Stillwell Avenue, Bancroft, West Virginia, 8726","name":"Mr. Robertson Foley","account_ending":"7059"}
{"email":"markschen@elentrix.com","phone":"+1 (913) 555-3765","address":"197 Branton Street, Dennard, Florida, 7641","name":"Mr. Marks Chen","account_ending":"1706"}
{"email":"randolphsosa@exospace.com","phone":"+1 (995) 406-3167","address":"996 Logan Street, Boomer, Hawaii, 3045","name":"Mr. Randolph Sosa","account_ending":"1489"}
{"email":"ramirezbarnett@cedward.com","phone":"+1 (847) 488-3377","address":"426 Channel Avenue, Adelino, Alaska, 1365","name":"Mr. Ramirez Barnett","account_ending":"3648"}
{"email":"delorisburke@radiantix.com","phone":"+1 (971) 462-3979","address":"981 Seacoast Terrace, Vandiver, Maryland, 629","name":"Miss Deloris Burke","account_ending":"8537"}
{"email":"dorseyacevedo@shopabout.com","phone":"+1 (940) 587-3723","address":"581 Hubbard Place, Johnsonburg, Kentucky, 4812","name":"Mr. Dorsey Acevedo","account_ending":"7836"}
{"email":"kristrujillo@geekular.com","phone":"+1 (884) 515-3058","address":"977 Gilmore Court, Vale, Ohio, 2700","name":"Miss Kris Trujillo","account_ending":"6651"}
{"email":"lesacote@rooforia.com","phone":"+1 (931) 472-3228","address":"405 Coles Street, Ivanhoe, Louisiana, 5436","name":"Miss Lesa Cote","account_ending":"0696"}
{"email":"kateholt@portica.com","phone":"+1 (911) 593-2547","address":"261 Adams Street, Loomis, Illinois, 2872","name":"Miss Kate Holt","account_ending":"8797"}
{"email":"solismcleod@kidgrease.com","phone":"+1 (953) 422-3553","address":"199 Kimball Street, Boonville, Palau, 1072","name":"Mr. Solis Mcleod","account_ending":"6912"}
{"email":"evewatts@cormoran.com","phone":"+1 (897) 491-3356","address":"203 Brigham Street, Cumberland, Indiana, 9425","name":"Miss Eve Watts","account_ending":"6311"}
{"email":"karinacotton@jimbies.com","phone":"+1 (874) 568-3514","address":"424 Locust Street, Marenisco, Tennessee, 2574","name":"Miss Karina Cotton","account_ending":"4708"}
{"email":"carolinemcmahon@oronoko.com","phone":"+1 (828) 426-3630","address":"240 Nautilus Avenue, Summerfield, Guam, 7828","name":"Miss Caroline Mcmahon","account_ending":"9375"}
{"email":"haneyrosa@fiberox.com","phone":"+1 (922) 439-3544","address":"216 Centre Street, Nutrioso, Virgin Islands, 5274","name":"Mr. Haney Rosa","account_ending":"8503"}
{"email":"elizaburt@zytrax.com","phone":"+1 (893) 468-3272","address":"556 Ash Street, Coldiron, New Mexico, 2061","name":"Miss Eliza Burt","account_ending":"3416"}
{"email":"cabrerapeck@exoplode.com","phone":"+1 (922) 540-2188","address":"410 Elm Place, Cataract, West Virginia, 3860","name":"Mr. Cabrera Peck","account_ending":"4775"}
{"email":"katelynhanson@norali.com","phone":"+1 (970) 472-2054","address":"760 Legion Street, Bowie, Montana, 8267","name":"Miss Katelyn Hanson","account_ending":"7038"}
{"email":"walshrodgers@extrawear.com","phone":"+1 (992) 491-2159","address":"962 Highland Place, Sexton, Vermont, 9447","name":"Mr. Walsh Rodgers","account_ending":"0101"}
{"email":"chasitygarza@apextri.com","phone":"+1 (904) 488-2381","address":"495 Marconi Place, Welda, District Of Columbia, 2620","name":"Miss Chasity Garza","account_ending":"1124"}
{"email":"puckettbryant@endicil.com","phone":"+1 (949) 440-3525","address":"797 Paerdegat Avenue, Rodanthe, Federated States Of Micronesia, 9085","name":"Mr. Puckett Bryant","account_ending":"6707"}
{"email":"rochaknapp@exostream.com","phone":"+1 (990) 502-3106","address":"199 Butler Street, Worton, Ohio, 8394","name":"Mr. Rocha Knapp","account_ending":"5699"}
{"email":"garrisonbyers@zytrex.com","phone":"+1 (913) 525-2258","address":"430 Arlington Place, Marshall, South Carolina, 4126","name":"Mr. Garrison Byers","account_ending":"9694"}
{"email":"ellaross@recognia.com","phone":"+1 (965) 468-2590","address":"281 Havens Place, Singer, Puerto Rico, 2361","name":"Miss Ella Ross","account_ending":"0350"}
{"email":"buckleynelson@aquazure.com","phone":"+1 (879) 436-2923","address":"699 Rock Street, Sutton, Pennsylvania, 8167","name":"Mr. Buckley Nelson","account_ending":"4977"}
{"email":"lynetteperez@corpulse.com","phone":"+1 (831) 544-3956","address":"471 Little Street, Sims, Arizona, 9619","name":"Miss Lynette Perez","account_ending":"3958"}
{"email":"sweeneyodom@nexgene.com","phone":"+1 (829) 408-2763","address":"767 Stockholm Street, Shepardsville, Indiana, 9321","name":"Mr. Sweeney Odom","account_ending":"2843"}
{"email":"fieldskramer@earthpure.com","phone":"+1 (857) 561-3497","address":"807 Duryea Court, Wolcott, Virginia, 306","name":"Mr. Fields Kramer","account_ending":"1684"}
{"email":"lorettasloan@zaphire.com","phone":"+1 (933) 481-2351","address":"634 Grove Place, Roulette, Tennessee, 1384","name":"Miss Loretta Sloan","account_ending":"6716"}
{"email":"cherrythornton@extremo.com","phone":"+1 (857) 525-2817","address":"654 Lake Street, Disautel, New York, 940","name":"Miss Cherry Thornton","account_ending":"6576"}
{"email":"rochellehahn@orbaxter.com","phone":"+1 (890) 428-3695","address":"784 Ocean Court, Brule, Marshall Islands, 8295","name":"Miss Rochelle Hahn","account_ending":"2508"}
{"email":"longcummings@grainspot.com","phone":"+1 (933) 586-2032","address":"931 Hope Street, Wheatfields, Nevada, 539","name":"Mr. Long Cummings","account_ending":"2126"}
{"email":"juneunderwood@zentury.com","phone":"+1 (877) 424-3124","address":"839 Bulwer Place, Ferney, New Mexico, 1419","name":"Miss June Underwood","account_ending":"9228"}
{"email":"churchshaw@cemention.com","phone":"+1 (955) 481-2710","address":"272 Williams Place, Malo, South Dakota, 2249","name":"Mr. Church Shaw","account_ending":"3565"}
{"email":"morganrojas@sunclipse.com","phone":"+1 (862) 549-2825","address":"416 Livingston Street, Riegelwood, New Hampshire, 356","name":"Miss Morgan Rojas","account_ending":"2051"}
{"email":"cathywalton@recrisys.com","phone":"+1 (843) 572-2941","address":"754 Concord Street, Idamay, Alabama, 255","name":"Miss Cathy Walton","account_ending":"4559"}
{"email":"vaughnmcdonald@gorganic.com","phone":"+1 (915) 538-3552","address":"520 Myrtle Avenue, Courtland, Northern Mariana Islands, 1353","name":"Mr. Vaughn Mcdonald","account_ending":"8116"}
{"email":"sherylchapman@circum.com","phone":"+1 (999) 531-3476","address":"927 Batchelder Street, Norris, North Dakota, 6885","name":"Miss Sheryl Chapman","account_ending":"0222"}
{"email":"romanrowe@kindaloo.com","phone":"+1 (980) 544-3075","address":"169 Garland Court, Trona, Montana, 1595","name":"Mr. Roman Rowe","account_ending":"6387"}
{"email":"jordanware@undertap.com","phone":"+1 (851) 416-2613","address":"689 Cambridge Place, Efland, Florida, 5143","name":"Mr. Jordan Ware","account_ending":"5686"}
{"email":"wagnermiller@orbalix.com","phone":"+1 (848) 591-2883","address":"636 Kane Street, Hebron, Delaware, 1754","name":"Mr. Wagner Miller","account_ending":"0865"}
{"email":"yvonnebrooks@slofast.com","phone":"+1 (960) 547-3355","address":"346 Beadel Street, Rockingham, Kansas, 1479","name":"Miss Yvonne Brooks","account_ending":"9284"}
{"email":"briggsdean@zizzle.com","phone":"+1 (902) 457-2737","address":"987 Wyona Street, Waumandee, Kentucky, 6181","name":"Mr. Briggs Dean","account_ending":"3221"}
{"email":"gentrypeterson@beadzza.com","phone":"+1 (888) 468-2479","address":"295 Caton Avenue, Alfarata, Federated States Of Micronesia, 1931","name":"Mr. Gentry Peterson","account_ending":"5979"}
{"email":"latoyavance@zanymax.com","phone":"+1 (896) 582-2862","address":"381 Calyer Street, Washington, Arkansas, 219","name":"Miss Latoya Vance","account_ending":"9294"}
{"email":"sherrifarmer@quonata.com","phone":"+1 (993) 575-2303","address":"516 Willoughby Street, Winesburg, Louisiana, 8735","name":"Miss Sherri Farmer","account_ending":"5528"}
{"email":"mcgeejustice@magnina.com","phone":"+1 (945) 402-2090","address":"247 Clarendon Road, Bainbridge, Pennsylvania, 819","name":"Mr. Mcgee Justice","account_ending":"6114"}
{"email":"jobanks@rocklogic.com","phone":"+1 (988) 497-3730","address":"889 Monument Walk, Gambrills, Palau, 734","name":"Miss Jo Banks","account_ending":"4318"}
{"email":"jordanlangley@turnabout.com","phone":"+1 (833) 584-2367","address":"160 Gerald Court, Chaparrito, Indiana, 3744","name":"Miss Jordan Langley","account_ending":"1626"}
{"email":"elizabethvalencia@oceanica.com","phone":"+1 (872) 549-3618","address":"739 Cumberland Walk, Grenelefe, Arizona, 155","name":"Miss Elizabeth Valencia","account_ending":"4080"}
{"email":"glennabaxter@ginkogene.com","phone":"+1 (976) 473-2773","address":"455 Truxton Street, Belgreen, Mississippi, 9366","name":"Miss Glenna Baxter","account_ending":"1709"}
{"email":"flowersleach@liquicom.com","phone":"+1 (806) 595-3873","address":"913 Krier Place, Yonah, California, 3667","name":"Mr. Flowers Leach","account_ending":"6267"}
{"email":"yatesconley@xleen.com","phone":"+1 (955) 591-2983","address":"114 Woodrow Court, Canby, Missouri, 4196","name":"Mr. Yates Conley","account_ending":"7753"}
{"email":"jamesrush@elpro.com","phone":"+1 (879) 497-3353","address":"412 Beach Place, Macdona, Massachusetts, 9170","name":"Miss James Rush","account_ending":"1908"}
{"email":"hannahhicks@enerforce.com","phone":"+1 (959) 559-2880","address":"308 Loring Avenue, Cloverdale, Nebraska, 5530","name":"Miss Hannah Hicks","account_ending":"5690"}
{"email":"johannawalsh@ecstasia.com","phone":"+1 (914) 509-3459","address":"429 Drew Street, Cornucopia, Alabama, 6108","name":"Miss Johanna Walsh","account_ending":"1706"}
{"email":"dunlapgoff@egypto.com","phone":"+1 (831) 405-3619","address":"932 Crawford Avenue, Glasgow, Florida, 8099","name":"Mr. Dunlap Goff","account_ending":"4199"}
{"email":"greenemcclain@accufarm.com","phone":"+1 (846) 414-2361","address":"640 Boynton Place, Jackpot, Delaware, 8526","name":"Mr. Greene Mcclain","account_ending":"2857"}
{"email":"melanieowen@temorak.com","phone":"+1 (976) 431-3474","address":"890 Louis Place, Bagtown, Maine, 2134","name":"Miss Melanie Owen","account_ending":"5518"}
{"email":"morriskirby@austech.com","phone":"+1 (908) 415-2618","address":"449 Vanderbilt Avenue, Catharine, Alaska, 116","name":"Mr. Morris Kirby","account_ending":"9334"}
{"email":"holliesanchez@genmex.com","phone":"+1 (922) 589-3907","address":"949 Riverdale Avenue, Longbranch, Kansas, 7290","name":"Miss Hollie Sanchez","account_ending":"4965"}
{"email":"glennbartlett@bedlam.com","phone":"+1 (857) 400-3483","address":"579 Tudor Terrace, Lewis, District Of Columbia, 1388","name":"Mr. Glenn Bartlett","account_ending":"1831"}
{"email":"monawong@talendula.com","phone":"+1 (848) 468-2495","address":"820 Cook Street, Shindler, Louisiana, 8329","name":"Miss Mona Wong","account_ending":"0476"}
{"email":"rosemariehoward@housedown.com","phone":"+1 (881) 408-3014","address":"533 Seigel Court, Hasty, South Carolina, 1857","name":"Miss Rosemarie Howard","account_ending":"5892"}
{"email":"adelemercer@memora.com","phone":"+1 (820) 574-3591","address":"128 Harbor Court, Madaket, Pennsylvania, 107","name":"Miss Adele Mercer","account_ending":"6754"}
{"email":"staffordleon@parcoe.com","phone":"+1 (940) 529-3804","address":"403 Hanover Place, Nelson, Palau, 1213","name":"Mr. Stafford Leon","account_ending":"6042"}
{"email":"millicentfaulkner@proflex.com","phone":"+1 (927) 599-2226","address":"795 Maujer Street, Herbster, Iowa, 1185","name":"Miss Millicent Faulkner","account_ending":"4317"}
{"email":"aguirrerichards@flumbo.com","phone":"+1 (855) 506-2363","address":"470 Huntington Street, Greensburg, New York, 3730","name":"Mr. Aguirre Richards","account_ending":"5115"}
{"email":"toddarnold@zoxy.com","phone":"+1 (912) 559-3707","address":"646 Hastings Street, Garberville, New Jersey, 9727","name":"Mr. Todd Arnold","account_ending":"7651"}
{"email":"hicksmeadows@thredz.com","phone":"+1 (953) 535-2371","address":"949 Farragut Place, Neahkahnie, Virgin Islands, 6173","name":"Mr. Hicks Meadows","account_ending":"5099"}
{"email":"evangelinabuchanan@virxo.com","phone":"+1 (838) 464-3127","address":"140 Veronica Place, Leland, New Mexico, 6352","name":"Miss Evangelina Buchanan","account_ending":"4702"}
{"email":"corineramirez@bezal.com","phone":"+1 (889) 491-2284","address":"617 Elizabeth Place, Freeburn, New Hampshire, 1311","name":"Miss Corine Ramirez","account_ending":"3325"}
{"email":"ermareyes@buzzmaker.com","phone":"+1 (816) 435-3369","address":"935 Townsend Street, Morningside, Alabama, 6376","name":"Miss Erma Reyes","account_ending":"8624"}
{"email":"wadehowe@vicon.com","phone":"+1 (885) 452-2936","address":"911 Vanderveer Street, Berlin, North Carolina, 7778","name":"Mr. Wade Howe","account_ending":"2173"}
{"email":"phillipsmiranda@lyrichord.com","phone":"+1 (843) 416-3885","address":"735 Ditmas Avenue, Monument, Northern Mariana Islands, 3458","name":"Mr. Phillips Miranda","account_ending":"1716"}
{"email":"rhondawoodard@splinx.com","phone":"+1 (992) 463-3416","address":"565 Vista Place, Witmer, Federated States Of Micronesia, 7443","name":"Miss Rhonda Woodard","account_ending":"5220"}
{"email":"witthill@zensure.com","phone":"+1 (898) 405-2022","address":"185 Pacific Street, Calverton, District Of Columbia, 155","name":"Mr. Witt Hill","account_ending":"7419"}
{"email":"leannaholden@canopoly.com","phone":"+1 (803) 557-2922","address":"618 Bergen Place, Stewart, Georgia, 9033","name":"Miss Leanna Holden","account_ending":"9258"}
{"email":"hahnenglish@netur.com","phone":"+1 (939) 483-3661","address":"844 Albemarle Terrace, Comptche, Rhode Island, 5909","name":"Mr. Hahn English","account_ending":"4489"}
{"email":"hickmanholloway@limage.com","phone":"+1 (936) 508-3474","address":"614 Georgia Avenue, Ada, Arkansas, 1423","name":"Mr. Hickman Holloway","account_ending":"0541"}
{"email":"calliegillespie@waab.com","phone":"+1 (949) 592-3220","address":"608 Belvidere Street, Remington, Oregon, 9635","name":"Miss Callie Gillespie","account_ending":"9494"}
{"email":"santiagohampton@isologia.com","phone":"+1 (931) 404-2311","address":"779 Cropsey Avenue, Homeworth, Puerto Rico, 7868","name":"Mr. Santiago Hampton","account_ending":"8391"}
{"email":"aprilburton@trasola.com","phone":"+1 (932) 509-3127","address":"784 Moultrie Street, Franklin, Iowa, 9252","name":"Miss April Burton","account_ending":"6566"}
{"email":"hinesbrewer@gology.com","phone":"+1 (958) 466-2246","address":"837 Monroe Street, Lynn, Virginia, 6226","name":"Mr. Hines Brewer","account_ending":"0348"}
{"email":"princemaldonado@candecor.com","phone":"+1 (915) 594-2539","address":"323 Nevins Street, Elliott, New Jersey, 1122","name":"Mr. Prince Maldonado","account_ending":"9222"}
{"email":"kennedywashington@assistix.com","phone":"+1 (824) 496-3371","address":"927 Laurel Avenue, Sattley, Guam, 7760","name":"Mr. Kennedy Washington","account_ending":"0598"}
{"email":"ortizkoch@cogentry.com","phone":"+1 (883) 415-2845","address":"365 Willow Place, Allamuchy, American Samoa, 1889","name":"Mr. Ortiz Koch","account_ending":"5913"}
{"email":"montgomerybean@quizmo.com","phone":"+1 (840) 419-3681","address":"841 Hutchinson Court, Virgie, Idaho, 9250","name":"Mr. Montgomery Bean","account_ending":"3633"}
{"email":"castrobest@mondicil.com","phone":"+1 (949) 588-2024","address":"297 Desmond Court, Catherine, West Virginia, 9149","name":"Mr. Castro Best","account_ending":"7455"}
{"email":"esthercasey@honotron.com","phone":"+1 (828) 587-2611","address":"928 Greenpoint Avenue, Elliston, Montana, 1843","name":"Miss Esther Casey","account_ending":"4290"}
{"email":"marilynchavez@micronaut.com","phone":"+1 (905) 522-2526","address":"502 Voorhies Avenue, Dodge, Hawaii, 7646","name":"Miss Marilyn Chavez","account_ending":"6154"}
{"email":"ricerichmond@jumpstack.com","phone":"+1 (823) 502-3099","address":"944 Whitney Avenue, Independence, Maine, 4806","name":"Mr. Rice Richmond","account_ending":"5284"}
{"email":"chandlerpotts@eventage.com","phone":"+1 (952) 592-3805","address":"354 Borinquen Pl, Bloomington, Kentucky, 1062","name":"Mr. Chandler Potts","account_ending":"1263"}
{"email":"joyfry@incubus.com","phone":"+1 (813) 444-3942","address":"760 Robert Street, Blodgett, Rhode Island, 9610","name":"Miss Joy Fry","account_ending":"0474"}
{"email":"floydmckinney@orbin.com","phone":"+1 (818) 469-2906","address":"481 Neptune Avenue, Jamestown, Wisconsin, 4556","name":"Mr. Floyd Mckinney","account_ending":"6402"}
{"email":"alicepark@chillium.com","phone":"+1 (810) 559-3311","address":"332 Lenox Road, Sabillasville, Illinois, 2822","name":"Miss Alice Park","account_ending":"2682"}
{"email":"evangelinestuart@gleamink.com","phone":"+1 (830) 516-2150","address":"309 Ashford Street, Devon, Palau, 1069","name":"Miss Evangeline Stuart","account_ending":"1653"}
{"email":"trishanavarro@telequiet.com","phone":"+1 (988) 538-2090","address":"763 Roder Avenue, Glenbrook, Iowa, 9376","name":"Miss Trisha Navarro","account_ending":"3715"}
{"email":"deenaburnett@isopop.com","phone":"+1 (808) 519-2741","address":"476 Celeste Court, Torboy, Arizona, 6039","name":"Miss Deena Burnett","account_ending":"7756"}
{"email":"mcleanhoffman@intergeek.com","phone":"+1 (877) 590-2425","address":"725 Fleet Place, Darrtown, New York, 3618","name":"Mr. Mclean Hoffman","account_ending":"2289"}
{"email":"chasewilder@netropic.com","phone":"+1 (995) 466-2592","address":"265 Monroe Place, Bentonville, Marshall Islands, 1182","name":"Mr. Chase Wilder","account_ending":"2713"}
{"email":"lillianguthrie@rockabye.com","phone":"+1 (811) 552-3876","address":"285 Strickland Avenue, Wiscon, Colorado, 2325","name":"Miss Lillian Guthrie","account_ending":"9239"}
{"email":"lawrenceblair@ziggles.com","phone":"+1 (975) 494-3765","address":"525 Aitken Place, Rivera, American Samoa, 9974","name":"Mr. Lawrence Blair","account_ending":"8200"}
{"email":"portersingleton@isbol.com","phone":"+1 (948) 400-3078","address":"620 Midwood Street, Tibbie, Virgin Islands, 6869","name":"Mr. Porter Singleton","account_ending":"3073"}
{"email":"donadotson@bovis.com","phone":"+1 (883) 552-3712","address":"225 Woodruff Avenue, Ballico, Missouri, 7080","name":"Miss Dona Dotson","account_ending":"7047"}
{"email":"violamanning@ecratic.com","phone":"+1 (937) 547-2340","address":"301 Lake Avenue, Rushford, Idaho, 5073","name":"Miss Viola Manning","account_ending":"8002"}
{"email":"griffinjohnson@affluex.com","phone":"+1 (803) 506-3377","address":"196 Matthews Place, Templeton, Wyoming, 4022","name":"Mr. Griffin Johnson","account_ending":"8506"}
{"email":"zelmahammond@duoflex.com","phone":"+1 (941) 411-3112","address":"519 Atkins Avenue, Blandburg, Florida, 9430","name":"Miss Zelma Hammond","account_ending":"6763"}
{"email":"mackevans@realmo.com","phone":"+1 (813) 560-2373","address":"487 Dunne Place, Bartonsville, Maine, 9240","name":"Mr. Mack Evans","account_ending":"7673"}
{"email":"ayersberry@scentric.com","phone":"+1 (910) 486-2178","address":"346 Eldert Lane, Stollings, Maryland, 3994","name":"Mr. Ayers Berry","account_ending":"3587"}
{"email":"lethapaul@unq.com","phone":"+1 (857) 594-2889","address":"274 Chestnut Avenue, Westboro, Georgia, 3977","name":"Miss Letha Paul","account_ending":"7520"}
{"email":"hartsnyder@biflex.com","phone":"+1 (851) 556-2693","address":"418 Bills Place, Leroy, Pennsylvania, 3130","name":"Mr. Hart Snyder","account_ending":"7989"}
{"email":"gomezrowland@vitricomp.com","phone":"+1 (856) 484-2105","address":"283 Louisiana Avenue, Coventry, Colorado, 6992","name":"Mr. Gomez Rowland","account_ending":"9960"}
{"email":"gainesoneill@escenta.com","phone":"+1 (931) 431-3713","address":"751 Vandervoort Place, Wacissa, New Jersey, 4740","name":"Mr. Gaines Oneill","account_ending":"8474"}
{"email":"jacobsonwebb@uberlux.com","phone":"+1 (811) 507-3343","address":"624 Calder Place, Tuttle, California, 9653","name":"Mr. Jacobson Webb","account_ending":"3278"}
{"email":"daisyball@terrasys.com","phone":"+1 (955) 532-2910","address":"688 Wythe Place, Brenton, American Samoa, 6106","name":"Miss Daisy Ball","account_ending":"1937"}
{"email":"taniagordon@slambda.com","phone":"+1 (909) 554-2029","address":"687 Neptune Court, Kennedyville, New Hampshire, 1250","name":"Miss Tania Gordon","account_ending":"6633"}
{"email":"evelynnoel@fibrodyne.com","phone":"+1 (938) 440-2711","address":"319 Sackett Street, Harleigh, North Dakota, 1763","name":"Miss Evelyn Noel","account_ending":"7483"}
{"email":"altaclements@aquoavo.com","phone":"+1 (934) 419-3494","address":"365 Campus Place, Munjor, West Virginia, 5814","name":"Miss Alta Clements","account_ending":"4762"}
{"email":"duranhouston@tsunamia.com","phone":"+1 (978) 512-3644","address":"555 Clifton Place, Draper, Montana, 8710","name":"Mr. Duran Houston","account_ending":"8641"}
{"email":"valeriasweet@deminimum.com","phone":"+1 (827) 439-2868","address":"594 National Drive, Verdi, Hawaii, 4569","name":"Miss Valeria Sweet","account_ending":"6156"}
{"email":"heatherbyrd@zialactic.com","phone":"+1 (862) 464-3773","address":"551 Homecrest Avenue, Sheatown, Kansas, 7807","name":"Miss Heather Byrd","account_ending":"8222"}
{"email":"winniegomez@printspan.com","phone":"+1 (856) 569-2664","address":"589 Cumberland Street, Henrietta, Wisconsin, 9680","name":"Miss Winnie Gomez","account_ending":"6701"}
{"email":"connieleblanc@zentry.com","phone":"+1 (933) 436-3382","address":"229 Dare Court, Hollins, Texas, 9327","name":"Miss Connie Leblanc","account_ending":"2809"}
{"email":"brigittecortez@songlines.com","phone":"+1 (871) 403-2733","address":"677 Norman Avenue, Westmoreland, Pennsylvania, 8456","name":"Miss Brigitte Cortez","account_ending":"0723"}
{"email":"stoutbell@quilk.com","phone":"+1 (974) 541-2439","address":"789 Miller Place, Topaz, Marshall Islands, 3065","name":"Mr. Stout Bell","account_ending":"8562"}
{"email":"stevensduke@isotrack.com","phone":"+1 (977) 519-2039","address":"469 Olive Street, Sterling, Mississippi, 3554","name":"Mr. Stevens Duke","account_ending":"5166"}
{"email":"alejandrawiggins@malathion.com","phone":"+1 (965) 490-3348","address":"874 Jefferson Avenue, Elbert, Nebraska, 9566","name":"Miss Alejandra Wiggins","account_ending":"5452"}
{"email":"landryfinley@pharmex.com","phone":"+1 (981) 535-3299","address":"954 Pioneer Street, Haena, Alabama, 2608","name":"Mr. Landry Finley","account_ending":"9566"}
{"email":"ashleygentry@lumbrex.com","phone":"+1 (995) 406-3466","address":"340 Suydam Street, Blue, Idaho, 8042","name":"Mr. Ashley Gentry","account_ending":"5974"}
{"email":"sharpesavage@isosure.com","phone":"+1 (815) 525-2673","address":"678 Emerald Street, Floriston, Wyoming, 8196","name":"Mr. Sharpe Savage","account_ending":"7285"}
{"email":"tonyacarroll@cincyr.com","phone":"+1 (945) 480-3007","address":"532 Crystal Street, Lavalette, Florida, 8071","name":"Miss Tonya Carroll","account_ending":"1086"}
{"email":"terrellparrish@liquidoc.com","phone":"+1 (934) 542-3954","address":"454 Adler Place, Belvoir, Alaska, 9653","name":"Mr. Terrell Parrish","account_ending":"1354"}
{"email":"susietaylor@singavera.com","phone":"+1 (808) 512-3546","address":"351 Newport Street, Dexter, Vermont, 6950","name":"Miss Susie Taylor","account_ending":"4083"}
{"email":"elainemathews@yogasm.com","phone":"+1 (973) 414-2309","address":"270 Gunther Place, Belleview, Maryland, 9087","name":"Miss Elaine Mathews","account_ending":"9398"}
{"email":"mosssolis@idealis.com","phone":"+1 (947) 489-3766","address":"428 Crown Street, Frierson, Kansas, 8853","name":"Mr. Moss Solis","account_ending":"6954"}
{"email":"mablebennett@biohab.com","phone":"+1 (988) 578-2654","address":"723 Division Avenue, Stagecoach, Federated States Of Micronesia, 5468","name":"Miss Mable Bennett","account_ending":"3766"}
{"email":"natashabarnes@accupharm.com","phone":"+1 (899) 506-3999","address":"598 Montrose Avenue, Caln, South Carolina, 1952","name":"Miss Natasha Barnes","account_ending":"0377"}
{"email":"olliecardenas@futurity.com","phone":"+1 (800) 516-3936","address":"980 McKinley Avenue, Walker, Virginia, 8652","name":"Miss Ollie Cardenas","account_ending":"5566"}
{"email":"revacraft@xurban.com","phone":"+1 (868) 532-3202","address":"888 Cadman Plaza, Darlington, Tennessee, 6531","name":"Miss Reva Craft","account_ending":"7080"}
{"email":"mcdanielshannon@spacewax.com","phone":"+1 (857) 410-3870","address":"796 Hancock Street, Marbury, Nevada, 3801","name":"Mr. Mcdaniel Shannon","account_ending":"2426"}
{"email":"tuckermcfadden@handshake.com","phone":"+1 (882) 506-2510","address":"518 Brightwater Avenue, Mulberry, Missouri, 7568","name":"Mr. Tucker Mcfadden","account_ending":"5939"}
{"email":"lessiesanford@cujo.com","phone":"+1 (876) 460-2026","address":"584 Ovington Court, Como, Massachusetts, 9914","name":"Miss Lessie Sanford","account_ending":"0599"}
{"email":"browningdickson@buzzness.com","phone":"+1 (976) 564-2202","address":"951 Evans Street, Bradenville, Nebraska, 5841","name":"Mr. Browning Dickson","account_ending":"6940"}
{"email":"eddiecraig@empirica.com","phone":"+1 (974) 420-3269","address":"532 Amherst Street, Kanauga, Alabama, 8994","name":"Miss Eddie Craig","account_ending":"8819"}
{"email":"alinebond@rodeology.com","phone":"+1 (983) 549-2628","address":"300 Roosevelt Court, Richville, Idaho, 7014","name":"Miss Aline Bond","account_ending":"8150"}
{"email":"cruznewman@entogrok.com","phone":"+1 (990) 417-3038","address":"652 Manor Court, Enetai, Wyoming, 8027","name":"Mr. Cruz Newman","account_ending":"3150"}
{"email":"sandersstokes@suretech.com","phone":"+1 (939) 518-3663","address":"123 Bennet Court, Albrightsville, Florida, 8454","name":"Mr. Sanders Stokes","account_ending":"0491"}
{"email":"kristiberger@rugstars.com","phone":"+1 (890) 420-2388","address":"438 Hampton Place, Emison, Vermont, 2588","name":"Miss Kristi Berger","account_ending":"1560"}
{"email":"gailallen@konnect.com","phone":"+1 (826) 563-2137","address":"451 Flatlands Avenue, Driftwood, Maryland, 2620","name":"Miss Gail Allen","account_ending":"7249"}
{"email":"matildawolfe@exosis.com","phone":"+1 (822) 420-3746","address":"904 Eaton Court, Norwood, Kentucky, 6918","name":"Miss Matilda Wolfe","account_ending":"2980"}
{"email":"kristenyang@automon.com","phone":"+1 (927) 594-3309","address":"340 Holt Court, Westwood, Federated States Of Micronesia, 4759","name":"Miss Kristen Yang","account_ending":"5763"}
{"email":"marciaortega@senmao.com","phone":"+1 (987) 526-3219","address":"706 Leonard Street, Cecilia, Georgia, 436","name":"Miss Marcia Ortega","account_ending":"4297"}
{"email":"mcmahonrandolph@zork.com","phone":"+1 (805) 493-2494","address":"916 Morton Street, Vicksburg, Arkansas, 875","name":"Mr. Mcmahon Randolph","account_ending":"6202"}
{"email":"sotoramos@typhonica.com","phone":"+1 (875) 515-3558","address":"936 Clermont Avenue, Greenwich, Rhode Island, 4257","name":"Mr. Soto Ramos","account_ending":"5660"}
{"email":"margaritaroth@isologix.com","phone":"+1 (849) 500-3690","address":"855 Wolf Place, Haring, Louisiana, 6014","name":"Miss Margarita Roth","account_ending":"6431"}
{"email":"lanalynn@zepitope.com","phone":"+1 (966) 468-3662","address":"317 Chase Court, Dotsero, Illinois, 4051","name":"Miss Lana Lynn","account_ending":"0889"}
{"email":"harrisonwaters@enersave.com","phone":"+1 (961) 574-2613","address":"161 Boulevard Court, Allendale, Pennsylvania, 7389","name":"Mr. Harrison Waters","account_ending":"8290"}
{"email":"beverlybenson@filodyne.com","phone":"+1 (863) 413-2075","address":"317 Radde Place, Klagetoh, Arizona, 1250","name":"Miss Beverly Benson","account_ending":"1349"}
{"email":"feleciarobinson@stralum.com","phone":"+1 (860) 516-3190","address":"621 Randolph Street, Westerville, Marshall Islands, 9496","name":"Miss Felecia Robinson","account_ending":"5366"}
{"email":"wolfebarr@manufact.com","phone":"+1 (930) 408-2760","address":"282 Prescott Place, Wilmington, New York, 5246","name":"Mr. Wolfe Barr","account_ending":"0330"}
{"email":"hildamcmillan@grok.com","phone":"+1 (882) 411-3056","address":"632 Schroeders Avenue, Cucumber, Oklahoma, 9053","name":"Miss Hilda Mcmillan","account_ending":"5604"}
{"email":"houstonhays@phormula.com","phone":"+1 (858) 570-2645","address":"173 Duryea Place, Wanship, Colorado, 1881","name":"Mr. Houston Hays","account_ending":"6617"}
{"email":"eleanorortiz@zerology.com","phone":"+1 (899) 540-3331","address":"244 Ovington Avenue, Kempton, Virgin Islands, 502","name":"Miss Eleanor Ortiz","account_ending":"3543"}
{"email":"mercadospence@qualitern.com","phone":"+1 (925) 403-3033","address":"169 Polhemus Place, Russellville, North Carolina, 8431","name":"Mr. Mercado Spence","account_ending":"5158"}
{"email":"howardhunt@dragbot.com","phone":"+1 (980) 530-2060","address":"992 Just Court, Forestburg, Alabama, 7030","name":"Mr. Howard Hunt","account_ending":"4807"}
{"email":"leticianichols@velity.com","phone":"+1 (850) 599-2430","address":"757 Beaumont Street, Alleghenyville, Northern Mariana Islands, 144","name":"Miss Leticia Nichols","account_ending":"5832"}
{"email":"townsendfranklin@uni.com","phone":"+1 (994) 449-3314","address":"813 Gallatin Place, Yorklyn, West Virginia, 9002","name":"Mr. Townsend Franklin","account_ending":"2263"}
{"email":"althearich@kozgene.com","phone":"+1 (911) 547-2022","address":"491 Macon Street, Olney, Alaska, 4701","name":"Miss Althea Rich","account_ending":"6183"}
{"email":"brandipreston@pigzart.com","phone":"+1 (910) 489-3057","address":"906 Newkirk Placez, Soham, Michigan, 738","name":"Miss Brandi Preston","account_ending":"8891"}
{"email":"cooperbarber@centregy.com","phone":"+1 (846) 487-3525","address":"137 Vermont Court, Bonanza, Utah, 4974","name":"Mr. Cooper Barber","account_ending":"0064"}
{"email":"kenyaflores@assurity.com","phone":"+1 (858) 425-2450","address":"942 Hinckley Place, Falconaire, Ohio, 2867","name":"Miss Kenya Flores","account_ending":"7250"}
{"email":"velezgill@geekola.com","phone":"+1 (873) 441-2298","address":"352 Judge Street, Belmont, Arkansas, 3209","name":"Mr. Velez Gill","account_ending":"5852"}
{"email":"joycebowman@strozen.com","phone":"+1 (945) 493-3570","address":"527 Bushwick Court, Columbus, Washington, 7074","name":"Mr. Joyce Bowman","account_ending":"9335"}
{"email":"luellahart@homelux.com","phone":"+1 (909) 460-2294","address":"423 Powell Street, Glendale, Minnesota, 659","name":"Miss Luella Hart","account_ending":"2306"}
{"email":"frederickdavid@joviold.com","phone":"+1 (852) 422-3460","address":"728 Thatford Avenue, Coalmont, Texas, 7690","name":"Mr. Frederick David","account_ending":"3186"}
{"email":"maggiestephenson@rodemco.com","phone":"+1 (918) 557-2496","address":"813 Langham Street, Celeryville, Pennsylvania, 5395","name":"Miss Maggie Stephenson","account_ending":"4094"}
{"email":"hayspetersen@zounds.com","phone":"+1 (836) 466-3632","address":"842 Rapelye Street, Barstow, Indiana, 2303","name":"Mr. Hays Petersen","account_ending":"8612"}
{"email":"hamptonbird@earthwax.com","phone":"+1 (866) 516-2190","address":"399 Roebling Street, Caron, New York, 362","name":"Mr. Hampton Bird","account_ending":"3893"}
{"email":"alstonhull@valreda.com","phone":"+1 (891) 595-3535","address":"214 Cooke Court, Oasis, California, 7700","name":"Mr. Alston Hull","account_ending":"9089"}
{"email":"albahatfield@chorizon.com","phone":"+1 (948) 467-3223","address":"203 Congress Street, Rutherford, New Mexico, 1621","name":"Miss Alba Hatfield","account_ending":"2931"}
{"email":"kempmoore@krag.com","phone":"+1 (981) 587-2614","address":"938 Cyrus Avenue, Goldfield, Missouri, 209","name":"Mr. Kemp Moore","account_ending":"1857"}
{"email":"guthriesteele@geekmosis.com","phone":"+1 (975) 422-3150","address":"862 Jamison Lane, Biehle, West Virginia, 7660","name":"Mr. Guthrie Steele","account_ending":"0402"}
{"email":"martinaballard@minga.com","phone":"+1 (811) 536-3327","address":"484 Colonial Road, Terlingua, Delaware, 2949","name":"Miss Martina Ballard","account_ending":"5330"}
{"email":"steinchang@comcur.com","phone":"+1 (811) 434-2484","address":"991 Columbia Street, Clayville, Alaska, 3149","name":"Mr. Stein Chang","account_ending":"0201"}
{"email":"stevensongaines@sultrax.com","phone":"+1 (980) 559-2768","address":"503 Farragut Road, Keyport, Vermont, 1506","name":"Mr. Stevenson Gaines","account_ending":"1784"}
{"email":"calhounlloyd@bluplanet.com","phone":"+1 (972) 555-3593","address":"635 Kensington Walk, Steinhatchee, Kansas, 9938","name":"Mr. Calhoun Lloyd","account_ending":"9608"}
{"email":"gwendolynholmes@dognost.com","phone":"+1 (802) 430-3521","address":"516 Delevan Street, Tetherow, District Of Columbia, 6025","name":"Miss Gwendolyn Holmes","account_ending":"5883"}
{"email":"shereemarsh@isotronic.com","phone":"+1 (858) 535-2070","address":"505 Story Court, Finzel, Oregon, 4165","name":"Miss Sheree Marsh","account_ending":"5570"}
{"email":"julianaburns@prosure.com","phone":"+1 (937) 484-3352","address":"253 Engert Avenue, Escondida, Wisconsin, 7657","name":"Miss Juliana Burns","account_ending":"8840"}
{"email":"corinamartinez@krog.com","phone":"+1 (829) 525-3673","address":"244 Jerome Avenue, Wollochet, South Carolina, 6447","name":"Miss Corina Martinez","account_ending":"0798"}
{"email":"manuelamccarty@aquamate.com","phone":"+1 (951) 510-2160","address":"576 Irving Place, Cassel, Illinois, 2908","name":"Miss Manuela Mccarty","account_ending":"6205"}
{"email":"jenniferhartman@songbird.com","phone":"+1 (963) 445-3017","address":"291 Falmouth Street, Fairhaven, Virginia, 8208","name":"Miss Jennifer Hartman","account_ending":"0488"}
{"email":"wallerroberson@callflex.com","phone":"+1 (968) 461-2348","address":"180 Sapphire Street, Baden, American Samoa, 4887","name":"Mr. Waller Roberson","account_ending":"8910"}
{"email":"selenameyers@insource.com","phone":"+1 (899) 585-3782","address":"182 Stryker Court, Martinsville, Missouri, 5570","name":"Miss Selena Meyers","account_ending":"5600"}
{"email":"floresrichard@skinserve.com","phone":"+1 (929) 427-3258","address":"644 Holly Street, Wyano, South Dakota, 838","name":"Mr. Flores Richard","account_ending":"8058"}
{"email":"kerrivelasquez@norsup.com","phone":"+1 (885) 474-2454","address":"271 Pierrepont Street, Gallina, New Hampshire, 9455","name":"Miss Kerri Velasquez","account_ending":"5063"}
{"email":"morgantran@ginkle.com","phone":"+1 (878) 472-3871","address":"580 Turnbull Avenue, Adamstown, Nebraska, 1486","name":"Mr. Morgan Tran","account_ending":"3783"}
{"email":"karyndaniel@hatology.com","phone":"+1 (898) 481-3920","address":"635 Livonia Avenue, Elrama, West Virginia, 9258","name":"Miss Karyn Daniel","account_ending":"7314"}
{"email":"angelinapitts@globoil.com","phone":"+1 (944) 516-3456","address":"710 Kaufman Place, Muse, Georgia, 9082","name":"Miss Angelina Pitts","account_ending":"2590"}
{"email":"boylesmall@accruex.com","phone":"+1 (812) 512-2243","address":"981 Lester Court, Woodlake, Ohio, 5596","name":"Mr. Boyle Small","account_ending":"9737"}
{"email":"acevedomerritt@senmei.com","phone":"+1 (938) 434-2518","address":"557 Buffalo Avenue, Nipinnawasee, Puerto Rico, 5861","name":"Mr. Acevedo Merritt","account_ending":"6354"}
{"email":"middletonchristian@comcubine.com","phone":"+1 (852) 405-3903","address":"362 Irvington Place, Galesville, Palau, 5222","name":"Mr. Middleton Christian","account_ending":"5757"}
{"email":"mcneilbishop@zoarere.com","phone":"+1 (974) 418-3882","address":"117 Glenmore Avenue, Nanafalia, Virginia, 2527","name":"Mr. Mcneil Bishop","account_ending":"8790"}
{"email":"tammistevens@sentia.com","phone":"+1 (919) 408-3955","address":"362 Dekalb Avenue, Aguila, Mississippi, 8964","name":"Miss Tammi Stevens","account_ending":"2519"}
{"email":"melvabaird@quordate.com","phone":"+1 (993) 534-3856","address":"706 Seigel Street, Swartzville, New Jersey, 7753","name":"Miss Melva Baird","account_ending":"5114"}
{"email":"dianamay@vidto.com","phone":"+1 (973) 526-3797","address":"222 Dobbin Street, Loretto, California, 494","name":"Miss Diana May","account_ending":"6829"}
{"email":"martinlamb@flotonic.com","phone":"+1 (802) 465-3635","address":"924 Vandam Street, Waterview, New Mexico, 8310","name":"Mr. Martin Lamb","account_ending":"2852"}
{"email":"joannsoto@apexia.com","phone":"+1 (926) 588-2584","address":"559 Terrace Place, Iberia, Missouri, 1004","name":"Miss Joann Soto","account_ending":"1038"}
{"email":"madgewalters@furnitech.com","phone":"+1 (947) 551-3748","address":"460 Middagh Street, Frank, Massachusetts, 5844","name":"Miss Madge Walters","account_ending":"0840"}
{"email":"mcphersonpate@steelfab.com","phone":"+1 (999) 480-3382","address":"729 Graham Avenue, Leming, South Dakota, 8018","name":"Mr. Mcpherson Pate","account_ending":"5732"}
{"email":"saunderscantrell@techade.com","phone":"+1 (906) 575-3758","address":"379 Woodside Avenue, Williams, New Hampshire, 7273","name":"Mr. Saunders Cantrell","account_ending":"5734"}
{"email":"ruthieingram@uxmox.com","phone":"+1 (937) 434-3436","address":"890 Everett Avenue, Lydia, Alaska, 8883","name":"Miss Ruthie Ingram","account_ending":"5186"}
{"email":"faithmills@digirang.com","phone":"+1 (972) 479-2081","address":"274 Hubbard Street, Stevens, Vermont, 8261","name":"Miss Faith Mills","account_ending":"7995"}
{"email":"leacarey@otherside.com","phone":"+1 (978) 590-2228","address":"702 Empire Boulevard, Seymour, Kentucky, 5652","name":"Miss Lea Carey","account_ending":"3344"}
{"email":"shortconner@exoblue.com","phone":"+1 (970) 578-3834","address":"556 Campus Road, Hilltop, Utah, 9923","name":"Mr. Short Conner","account_ending":"8302"}
{"email":"sybilcarver@kegular.com","phone":"+1 (930) 545-2832","address":"855 Linden Street, Heil, Oregon, 3825","name":"Miss Sybil Carver","account_ending":"0948"}
{"email":"carlsonbradshaw@dancerity.com","phone":"+1 (905) 423-3643","address":"609 Polar Street, Emory, Louisiana, 7395","name":"Mr. Carlson Bradshaw","account_ending":"4944"}
{"email":"georgettejefferson@verton.com","phone":"+1 (817) 524-2660","address":"271 Fanchon Place, Stouchsburg, Minnesota, 2438","name":"Miss Georgette Jefferson","account_ending":"7606"}
{"email":"sarahwagner@everest.com","phone":"+1 (960) 404-3420","address":"639 Hinsdale Street, Rew, South Carolina, 9233","name":"Miss Sarah Wagner","account_ending":"5160"}
{"email":"christianbrowning@xsports.com","phone":"+1 (826) 537-2557","address":"301 Quentin Road, Mooresburg, Palau, 2224","name":"Miss Christian Browning","account_ending":"2443"}
{"email":"fayewheeler@utara.com","phone":"+1 (903) 541-3511","address":"946 Fleet Walk, Castleton, Arizona, 3572","name":"Miss Faye Wheeler","account_ending":"4163"}
{"email":"nguyenkelly@plasmos.com","phone":"+1 (937) 532-3248","address":"170 Ferry Place, Greenfields, Tennessee, 4475","name":"Mr. Nguyen Kelly","account_ending":"5748"}
{"email":"patelmccoy@pawnagra.com","phone":"+1 (830) 559-2419","address":"281 Banker Street, Kohatk, Mississippi, 8692","name":"Mr. Patel Mccoy","account_ending":"2576"}
{"email":"mariettamaddox@comstar.com","phone":"+1 (873) 410-2566","address":"818 Amity Street, Homeland, Guam, 4698","name":"Miss Marietta Maddox","account_ending":"6698"}
{"email":"terrischneider@medcom.com","phone":"+1 (912) 546-2811","address":"819 Fillmore Place, Sidman, Nevada, 4113","name":"Miss Terri Schneider","account_ending":"6509"}
{"email":"goodmanlarsen@zilladyne.com","phone":"+1 (818) 402-3372","address":"695 Schenck Avenue, Avoca, American Samoa, 5136","name":"Mr. Goodman Larsen","account_ending":"0634"}
{"email":"gretchenbooth@magnemo.com","phone":"+1 (981) 452-2218","address":"143 Hart Place, Bridgetown, Nebraska, 6205","name":"Miss Gretchen Booth","account_ending":"2968"}
{"email":"gutierrezparker@cytrak.com","phone":"+1 (875) 459-3644","address":"915 Bridgewater Street, Yukon, Montana, 4234","name":"Mr. Gutierrez Parker","account_ending":"1772"}
{"email":"silvadavidson@aclima.com","phone":"+1 (856) 490-2338","address":"850 Interborough Parkway, Bend, Delaware, 8529","name":"Mr. Silva Davidson","account_ending":"7215"}
{"email":"santanamullins@geofarm.com","phone":"+1 (896) 543-3264","address":"528 Beard Street, Alden, Alaska, 8916","name":"Mr. Santana Mullins","account_ending":"2068"}
{"email":"atkinsreynolds@geekol.com","phone":"+1 (872) 503-3843","address":"687 Kings Hwy, Canterwood, Kentucky, 5549","name":"Mr. Atkins Reynolds","account_ending":"7499"}
{"email":"lolasilva@zillidium.com","phone":"+1 (858) 600-3964","address":"819 Portland Avenue, Corriganville, Arkansas, 4672","name":"Miss Lola Silva","account_ending":"4241"}
{"email":"shellyalvarado@tubesys.com","phone":"+1 (943) 484-2496","address":"426 Clymer Street, Marysville, Oregon, 101","name":"Miss Shelly Alvarado","account_ending":"1853"}
{"email":"delacruzlang@mangelica.com","phone":"+1 (975) 564-2837","address":"555 Furman Avenue, Whitmer, Washington, 1810","name":"Mr. Delacruz Lang","account_ending":"7987"}
{"email":"byrdbullock@kidstock.com","phone":"+1 (980) 503-2496","address":"767 Madeline Court, Eastmont, South Carolina, 8284","name":"Mr. Byrd Bullock","account_ending":"1936"}
{"email":"daytorres@enaut.com","phone":"+1 (823) 479-3397","address":"135 Brown Street, Wheaton, Pennsylvania, 6716","name":"Mr. Day Torres","account_ending":"0590"}
{"email":"simpsonday@hometown.com","phone":"+1 (820) 497-3734","address":"398 Hill Street, Joes, Palau, 9420","name":"Mr. Simpson Day","account_ending":"5065"}
{"email":"perrymatthews@supportal.com","phone":"+1 (848) 597-3115","address":"630 Leonora Court, Starks, Virginia, 8026","name":"Mr. Perry Matthews","account_ending":"0421"}
{"email":"bethsparks@ultrasure.com","phone":"+1 (956) 451-2299","address":"555 Harkness Avenue, Concho, Marshall Islands, 9739","name":"Miss Beth Sparks","account_ending":"6423"}
{"email":"cathrynmclean@izzby.com","phone":"+1 (849) 465-2382","address":"452 Cleveland Street, Newry, Virgin Islands, 3653","name":"Miss Cathryn Mclean","account_ending":"4343"}
{"email":"aidahale@speedbolt.com","phone":"+1 (815) 441-3057","address":"851 Jefferson Street, Glenshaw, Nebraska, 4592","name":"Miss Aida Hale","account_ending":"9133"}
{"email":"valenzuelalewis@comtext.com","phone":"+1 (947) 594-3526","address":"523 Harwood Place, Moscow, North Dakota, 1217","name":"Mr. Valenzuela Lewis","account_ending":"8592"}
{"email":"eloiselyons@tribalog.com","phone":"+1 (989) 454-2273","address":"935 Coyle Street, Fairmount, Florida, 9534","name":"Miss Eloise Lyons","account_ending":"6209"}
{"email":"hydebates@webiotic.com","phone":"+1 (876) 520-3800","address":"355 Colby Court, Zortman, Delaware, 172","name":"Mr. Hyde Bates","account_ending":"0620"}
{"email":"ettawooten@zidant.com","phone":"+1 (929) 430-3415","address":"320 Hudson Avenue, Brambleton, Maine, 5163","name":"Miss Etta Wooten","account_ending":"8959"}
{"email":"drakefreeman@zilch.com","phone":"+1 (955) 411-3277","address":"266 Greene Avenue, Lodoga, Maryland, 3984","name":"Mr. Drake Freeman","account_ending":"8521"}
{"email":"katinakinney@pathways.com","phone":"+1 (956) 497-3042","address":"343 Lorraine Street, Enlow, Kansas, 6067","name":"Miss Katina Kinney","account_ending":"8762"}
{"email":"bellrogers@magnafone.com","phone":"+1 (898) 483-2992","address":"445 Beacon Court, Crayne, Kentucky, 2422","name":"Mr. Bell Rogers","account_ending":"4541"}
{"email":"sallyhaney@talkola.com","phone":"+1 (935) 418-2902","address":"169 Montague Street, Dante, Rhode Island, 2229","name":"Miss Sally Haney","account_ending":"8402"}
{"email":"ceciliaclemons@earthplex.com","phone":"+1 (901) 584-3565","address":"174 Bainbridge Street, Juntura, Utah, 1940","name":"Miss Cecilia Clemons","account_ending":"3325"}
{"email":"thompsoncarpenter@jamnation.com","phone":"+1 (934) 582-3961","address":"820 Kingsland Avenue, Strong, Ohio, 1005","name":"Mr. Thompson Carpenter","account_ending":"0916"}
{"email":"sherriejarvis@gynko.com","phone":"+1 (868) 575-3132","address":"452 Quentin Street, Leyner, Oregon, 5160","name":"Miss Sherrie Jarvis","account_ending":"7620"}
{"email":"welchparks@supremia.com","phone":"+1 (869) 473-3127","address":"357 Manhattan Avenue, Beaverdale, Illinois, 9625","name":"Mr. Welch Parks","account_ending":"0450"}
{"email":"halesantiago@codax.com","phone":"+1 (983) 597-2523","address":"947 Abbey Court, Whitestone, Pennsylvania, 4414","name":"Mr. Hale Santiago","account_ending":"7105"}
{"email":"renecarney@immunics.com","phone":"+1 (856) 532-2955","address":"507 Ditmars Street, Sussex, Puerto Rico, 6416","name":"Miss Rene Carney","account_ending":"7528"}
{"email":"thelmashort@xplor.com","phone":"+1 (903) 440-3182","address":"705 Ross Street, Kraemer, Virginia, 790","name":"Miss Thelma Short","account_ending":"3399"}
{"email":"margueriteboyle@aquasure.com","phone":"+1 (866) 532-3922","address":"214 Kensington Street, Day, New York, 7032","name":"Miss Marguerite Boyle","account_ending":"8004"}
{"email":"penelopelandry@isoswitch.com","phone":"+1 (982) 513-3018","address":"303 Troy Avenue, Levant, Nevada, 9415","name":"Miss Penelope Landry","account_ending":"0520"}
{"email":"summerpacheco@quinex.com","phone":"+1 (837) 526-3040","address":"956 Moore Street, Conway, South Dakota, 5982","name":"Miss Summer Pacheco","account_ending":"2975"}
{"email":"eulamcdaniel@kraggle.com","phone":"+1 (936) 516-2008","address":"280 Gardner Avenue, Barrelville, Wyoming, 7397","name":"Miss Eula Mcdaniel","account_ending":"9315"}
{"email":"ellisonwall@halap.com","phone":"+1 (981) 557-2436","address":"554 Stewart Street, Hiko, North Dakota, 8546","name":"Mr. Ellison Wall","account_ending":"1945"}
{"email":"fernrollins@zentia.com","phone":"+1 (814) 564-3082","address":"289 Franklin Avenue, Harviell, Hawaii, 2636","name":"Miss Fern Rollins","account_ending":"7990"}
{"email":"alissawilliam@exoteric.com","phone":"+1 (997) 555-2851","address":"699 Cortelyou Road, Downsville, Delaware, 1561","name":"Miss Alissa William","account_ending":"6534"}
{"email":"melodyrobbins@emergent.com","phone":"+1 (868) 562-3334","address":"819 Underhill Avenue, Stonybrook, Vermont, 220","name":"Miss Melody Robbins","account_ending":"5389"}
{"email":"joannemcgee@deviltoe.com","phone":"+1 (883) 552-3085","address":"359 Kansas Place, Mansfield, Utah, 2475","name":"Miss Joanne Mcgee","account_ending":"9686"}
{"email":"fosterstrickland@permadyne.com","phone":"+1 (977) 496-2425","address":"343 Harden Street, Gloucester, Ohio, 2322","name":"Mr. Foster Strickland","account_ending":"9433"}
{"email":"gallagherweiss@keeg.com","phone":"+1 (931) 531-3386","address":"700 River Street, Barronett, Arkansas, 1742","name":"Mr. Gallagher Weiss","account_ending":"8042"}
{"email":"kramermontgomery@portico.com","phone":"+1 (925) 412-3868","address":"664 Stuart Street, Kipp, Oregon, 5400","name":"Mr. Kramer Montgomery","account_ending":"6539"}
{"email":"frankmack@shadease.com","phone":"+1 (903) 431-2028","address":"909 Poplar Avenue, Ernstville, Louisiana, 4376","name":"Mr. Frank Mack","account_ending":"4950"}
{"email":"huntberg@harmoney.com","phone":"+1 (839) 475-2200","address":"248 Meserole Avenue, Mathews, Puerto Rico, 7601","name":"Mr. Hunt Berg","account_ending":"2729"}
{"email":"tamirasmussen@kog.com","phone":"+1 (847) 401-3368","address":"626 Exeter Street, Dragoon, Guam, 5097","name":"Miss Tami Rasmussen","account_ending":"6300"}
{"email":"geraldinegoodman@intradisk.com","phone":"+1 (925) 568-2272","address":"953 Vandervoort Avenue, Conestoga, California, 6669","name":"Miss Geraldine Goodman","account_ending":"4657"}
{"email":"cardenasellison@xelegyl.com","phone":"+1 (807) 411-2664","address":"392 Willoughby Avenue, Nord, New Mexico, 9114","name":"Mr. Cardenas Ellison","account_ending":"5974"}
