{"email":"ursulaellison@marketoid.com","phone":"+1 (834) 488-2993","address":"753 Willoughby Avenue, Nord, Virginia, 683","name":"Miss Ursula Ellison","account_ending":"6444"}
{"email":"beachrobles@medifax.com","phone":"+1 (914) 475-3528","address":"567 Gerry Street, Blanco, Nevada, 6890","name":"Mr. Beach Robles","account_ending":"1271"}
{"email":"deidremcdowell@cytrek.com","phone":"+1 (844) 416-3931","address":"584 Junius Street, Hailesboro, Virgin Islands, 9140","name":"Miss Deidre Mcdowell","account_ending":"8361"}
{"email":"ivyslater@acium.com","phone":"+1 (852) 561-3595","address":"153 Meadow Street, Oretta, Massachusetts, 7232","name":"Miss Ivy Slater","account_ending":"4736"}
{"email":"velazquezhumphrey@imkan.com","phone":"+1 (857) 426-2104","address":"964 Dover Street, Alderpoint, Missouri, 3431","name":"Mr. Velazquez Humphrey","account_ending":"2387"}
{"email":"cassiealexander@comfirm.com","phone":"+1 (810) 533-3758","address":"289 Schweikerts Walk, Newcastle, Nebraska, 6673","name":"Miss Cassie Alexander","account_ending":"3431"}
{"email":"wildaherring@namebox.com","phone":"+1 (877) 446-2833","address":"358 Dupont Street, Trail, Delaware, 4139","name":"Miss Wilda Herring","account_ending":"4258"}
{"email":"charlottecharles@diginetic.com","phone":"+1 (981) 430-3764","address":"390 Ainslie Street, Hollymead, Rhode Island, 9283","name":"Miss Charlotte Charles","account_ending":"9904"}
{"email":"tysonpayne@parleynet.com","phone":"+1 (807) 430-2604","address":"243 Stratford Road, Kerby, Arkansas, 394","name":"Mr. Tyson Payne","account_ending":"8633"}
{"email":"sherifarrell@exerta.com","phone":"+1 (986) 553-3923","address":"651 Sharon Street, Mapletown, Texas, 1370","name":"Miss Sheri Farrell","account_ending":"8453"}
{"email":"haleynorton@viocular.com","phone":"+1 (834) 593-2233","address":"619 Will Place, Sardis, Pennsylvania, 2284","name":"Miss Haley Norton","account_ending":"3655"}
{"email":"elenarichardson@digiprint.com","phone":"+1 (951) 450-3076","address":"764 Furman Street, Kieler, Puerto Rico, 945","name":"Miss Elena Richardson","account_ending":"8900"}
{"email":"dicksondunn@uniworld.com","phone":"+1 (958) 503-3438","address":"619 Metropolitan Avenue, Wedgewood, Arizona, 1740","name":"Mr. Dickson Dunn","account_ending":"1011"}
{"email":"lottiecochran@biotica.com","phone":"+1 (976) 411-2259","address":"861 Wilson Avenue, Tuskahoma, New York, 3094","name":"Miss Lottie Cochran","account_ending":"8191"}
{"email":"wendybernard@virva.com","phone":"+1 (945) 411-3545","address":"171 Meserole Street, Farmers, Mississippi, 5073","name":"Miss Wendy Bernard","account_ending":"2752"}
{"email":"nolaobrien@techtrix.com","phone":"+1 (861) 432-3350","address":"553 Hunterfly Place, Gerton, Oklahoma, 9785","name":"Miss Nola Obrien","account_ending":"1439"}
{"email":"byerssimpson@myopium.com","phone":"+1 (821) 524-2730","address":"151 Hall Street, Caspar, California, 8571","name":"Mr. Byers Simpson","account_ending":"3668"}
{"email":"elnorayates@zanity.com","phone":"+1 (850) 494-2969","address":"344 Strong Place, Detroit, Nevada, 4585","name":"Miss Elnora Yates","account_ending":"2354"}
{"email":"shaunapugh@savvy.com","phone":"+1 (890) 440-3987","address":"194 Dekoven Court, Thermal, Massachusetts, 5811","name":"Miss Shauna Pugh","account_ending":"8513"}
{"email":"aimeevang@roboid.com","phone":"+1 (831) 517-2858","address":"877 Battery Avenue, Taycheedah, Alaska, 8656","name":"Miss Aimee Vang","account_ending":"7476"}
{"email":"burchbush@acusage.com","phone":"+1 (863) 494-3054","address":"765 Fairview Place, Taft, Utah, 7358","name":"Mr. Burch Bush","account_ending":"8794"}
{"email":"bradleyalvarez@artworlds.com","phone":"+1 (936) 599-2337","address":"895 McDonald Avenue, Nicut, Louisiana, 4106","name":"Mr. Bradley Alvarez","account_ending":"6688"}
{"email":"juanawilcox@futurize.com","phone":"+1 (898) 568-3760","address":"466 Montieth Street, Manitou, Wisconsin, 247","name":"Miss Juana Wilcox","account_ending":"9710"}
{"email":"denahawkins@bizmatic.com","phone":"+1 (871) 496-3128","address":"483 Euclid Avenue, Ironton, Iowa, 6897","name":"Miss Dena Hawkins","account_ending":"2612"}
{"email":"karenjames@roughies.com","phone":"+1 (974) 524-2768","address":"564 Clinton Street, Sanders, Colorado, 317","name":"Miss Karen James","account_ending":"8658"}
{"email":"tillmandouglas@portaline.com","phone":"+1 (910) 583-3572","address":"726 Bedell Lane, Bowden, California, 3556","name":"Mr. Tillman Douglas","account_ending":"1012"}
{"email":"beulahterry@talkalot.com","phone":"+1 (985) 567-2155","address":"556 Montague Terrace, Trinway, New Jersey, 9506","name":"Miss Beulah Terry","account_ending":"2377"}
{"email":"meltontravis@hairport.com","phone":"+1 (830) 417-3201","address":"289 Gem Street, Mammoth, American Samoa, 7148","name":"Mr. Melton Travis","account_ending":"1621"}
{"email":"torresroach@scenty.com","phone":"+1 (812) 571-2028","address":"985 Mayfair Drive, Foscoe, North Carolina, 3620","name":"Mr. Torres Roach","account_ending":"1184"}
{"email":"dolliehardin@snacktion.com","phone":"+1 (968) 422-2692","address":"505 Nixon Court, Coaldale, Idaho, 5017","name":"Miss Dollie Hardin","account_ending":"2835"}
{"email":"reillyhutchinson@zosis.com","phone":"+1 (913) 493-2400","address":"584 Lawn Court, Dyckesville, Wyoming, 7440","name":"Mr. Reilly Hutchinson","account_ending":"0330"}
{"email":"ortegamonroe@brainquil.com","phone":"+1 (830) 420-3224","address":"682 Cypress Avenue, Dunnavant, Hawaii, 7587","name":"Mr. Ortega Monroe","account_ending":"8383"}
{"email":"marisasimmons@powernet.com","phone":"+1 (904) 577-3745","address":"745 Lott Place, Lowell, Rhode Island, 9834","name":"Miss Marisa Simmons","account_ending":"4280"}
{"email":"serenavelazquez@updat.com","phone":"+1 (953) 431-2382","address":"956 Erskine Loop, Vaughn, Ohio, 2628","name":"Miss Serena Velazquez","account_ending":"4368"}
{"email":"pattonbradford@qnekt.com","phone":"+1 (822) 431-3773","address":"296 Quay Street, Keller, Utah, 2826","name":"Mr. Patton Bradford","account_ending":"9191"}
{"email":"cassandrasellers@zillacon.com","phone":"+1 (988) 414-3371","address":"523 Hendrickson Street, Brecon, Washington, 5509","name":"Miss Cassandra Sellers","account_ending":"6249"}
{"email":"rosastout@zipak.com","phone":"+1 (928) 544-3295","address":"162 Sumpter Street, Walton, Iowa, 808","name":"Miss Rosa Stout","account_ending":"0186"}
{"email":"boydalbert@interodeo.com","phone":"+1 (874) 600-2321","address":"680 Canarsie Road, Bowmansville, Marshall Islands, 4386","name":"Mr. Boyd Albert","account_ending":"2527"}
{"email":"luannrutledge@maxemia.com","phone":"+1 (974) 451-3980","address":"796 Flatbush Avenue, Savannah, Oklahoma, 2694","name":"Miss Luann Rutledge","account_ending":"5504"}
{"email":"rebekahnicholson@gracker.com","phone":"+1 (808) 571-2374","address":"816 Box Street, Manchester, American Samoa, 9244","name":"Miss Rebekah Nicholson","account_ending":"8146"}
{"email":"billiekey@bostonic.com","phone":"+1 (804) 498-3079","address":"935 Wythe Avenue, Siglerville, South Dakota, 5081","name":"Miss Billie Key","account_ending":"0519"}
{"email":"suttondavis@daycore.com","phone":"+1 (823) 466-2227","address":"260 Aurelia Court, Tedrow, Northern Mariana Islands, 9197","name":"Mr. Sutton Davis","account_ending":"7413"}
{"email":"rachaelburks@jetsilk.com","phone":"+1 (847) 537-3340","address":"942 Royce Street, Hoagland, Michigan, 6399","name":"Miss Rachael Burks","account_ending":"1786"}
{"email":"pathead@qiao.com","phone":"+1 (987) 565-3622","address":"563 Colonial Court, Fedora, Kentucky, 6528","name":"Miss Pat Head","account_ending":"9844"}
{"email":"juliekeith@anivet.com","phone":"+1 (943) 562-2897","address":"247 Montauk Avenue, Silkworth, Federated States Of Micronesia, 5737","name":"Miss Julie Keith","account_ending":"2081"}
{"email":"kerimorris@oatfarm.com","phone":"+1 (805) 526-2290","address":"834 Bartlett Place, Konterra, Utah, 5851","name":"Miss Keri Morris","account_ending":"3213"}
{"email":"amiearmstrong@atomica.com","phone":"+1 (804) 504-3469","address":"337 Montana Place, Kersey, Wisconsin, 2088","name":"Miss Amie Armstrong","account_ending":"4138"}
{"email":"mcconnellstein@vurbo.com","phone":"+1 (937) 563-2299","address":"473 Moffat Street, Greer, Arizona, 5263","name":"Mr. Mcconnell Stein","account_ending":"9107"}
{"email":"doylechase@comtest.com","phone":"+1 (822) 469-2132","address":"738 Kingston Avenue, Cobbtown, Colorado, 2048","name":"Mr. Doyle Chase","account_ending":"7645"}
{"email":"valariefranco@digial.com","phone":"+1 (939) 582-3760","address":"570 Herzl Street, Clara, California, 858","name":"Miss Valarie Franco","account_ending":"0604"}
{"email":"maureensnider@quility.com","phone":"+1 (895) 576-2884","address":"950 Summit Street, Holtville, Idaho, 7140","name":"Miss Maureen Snider","account_ending":"2922"}
{"email":"anacaldwell@nikuda.com","phone":"+1 (831) 422-3729","address":"491 Noll Street, Weogufka, West Virginia, 8913","name":"Miss Ana Caldwell","account_ending":"2326"}
{"email":"valdezbarron@twiist.com","phone":"+1 (949) 497-3541","address":"126 Green Street, Cawood, Florida, 1282","name":"Mr. Valdez Barron","account_ending":"3272"}
{"email":"underwoodacosta@sustenza.com","phone":"+1 (927) 455-3375","address":"216 Verona Place, Tyhee, Hawaii, 2439","name":"Mr. Underwood Acosta","account_ending":"0928"}
{"email":"madelinestewart@netbook.com","phone":"+1 (917) 432-3965","address":"328 Downing Street, Epworth, Delaware, 7061","name":"Miss Madeline Stewart","account_ending":"0267"}
{"email":"changknowles@xerex.com","phone":"+1 (916) 577-2030","address":"658 Berry Street, Rivers, Maine, 2383","name":"Mr. Chang Knowles","account_ending":"9857"}
{"email":"sharigood@cuizine.com","phone":"+1 (846) 507-3977","address":"152 Wogan Terrace, Sparkill, Utah, 2923","name":"Miss Shari Good","account_ending":"1148"}
{"email":"farleyrusso@paragonia.com","phone":"+1 (999) 436-2192","address":"652 Dahill Road, Talpa, Louisiana, 4767","name":"Mr. Farley Russo","account_ending":"8653"}
{"email":"callahanmason@vortexaco.com","phone":"+1 (917) 571-2334","address":"795 Walker Court, Lowgap, Minnesota, 1553","name":"Mr. Callahan Mason","account_ending":"8052"}
{"email":"nadiamullen@nitracyr.com","phone":"+1 (924) 409-3426","address":"520 Lafayette Walk, Dunbar, Palau, 170","name":"Miss Nadia Mullen","account_ending":"8474"}
{"email":"joannabeasley@zolar.com","phone":"+1 (943) 500-3540","address":"276 Whitty Lane, Avalon, Tennessee, 3556","name":"Miss Joanna Beasley","account_ending":"8197"}
{"email":"raeguzman@coriander.com","phone":"+1 (970) 585-3613","address":"951 Rose Street, Robinson, Marshall Islands, 9720","name":"Miss Rae Guzman","account_ending":"2527"}
{"email":"newtonlambert@kyagoro.com","phone":"+1 (934) 568-2414","address":"803 Ocean Avenue, Sharon, Mississippi, 4489","name":"Mr. Newton Lambert","account_ending":"5029"}
{"email":"matthewsfrost@enersol.com","phone":"+1 (840) 556-3089","address":"738 Tiffany Place, Kansas, California, 7456","name":"Mr. Matthews Frost","account_ending":"7456"}
{"email":"jodiwyatt@comveyor.com","phone":"+1 (941) 401-2718","address":"384 Reed Street, Drummond, Virgin Islands, 3944","name":"Miss Jodi Wyatt","account_ending":"2131"}
{"email":"marisolbarry@kongene.com","phone":"+1 (889) 539-2254","address":"166 Jerome Street, Kapowsin, Alabama, 7083","name":"Miss Marisol Barry","account_ending":"1246"}
{"email":"larsendawson@bittor.com","phone":"+1 (857) 488-3038","address":"274 Irving Street, Gerber, Northern Mariana Islands, 8719","name":"Mr. Larsen Dawson","account_ending":"9980"}
{"email":"bassdixon@musanpoly.com","phone":"+1 (820) 413-2724","address":"638 Milford Street, Grahamtown, Alaska, 5039","name":"Mr. Bass Dixon","account_ending":"6140"}
{"email":"cainlane@gadtron.com","phone":"+1 (963) 480-3884","address":"948 Withers Street, Frizzleburg, Michigan, 2978","name":"Mr. Cain Lane","account_ending":"9378"}
{"email":"pughosborn@skyplex.com","phone":"+1 (946) 509-2015","address":"252 Freeman Street, Itmann, Federated States Of Micronesia, 6553","name":"Mr. Pugh Osborn","account_ending":"7285"}
{"email":"sheltoncalderon@geeketron.com","phone":"+1 (839) 563-3103","address":"733 Dean Street, Cashtown, Utah, 2182","name":"Mr. Shelton Calderon","account_ending":"7300"}
{"email":"figueroaphillips@isologics.com","phone":"+1 (980) 502-3964","address":"985 Seeley Street, Woodlands, Arkansas, 2007","name":"Mr. Figueroa Phillips","account_ending":"5303"}
{"email":"onealgardner@ozean.com","phone":"+1 (866) 454-3250","address":"659 Hewes Street, Mahtowa, Puerto Rico, 1400","name":"Mr. Oneal Gardner","account_ending":"3190"}
{"email":"louisarussell@sulfax.com","phone":"+1 (840) 482-2004","address":"321 Friel Place, Makena, Tennessee, 5298","name":"Miss Louisa Russell","account_ending":"3689"}
{"email":"rhodescooper@comveyer.com","phone":"+1 (992) 564-3467","address":"590 Bayview Avenue, Edinburg, Oklahoma, 3636","name":"Mr. Rhodes Cooper","account_ending":"1390"}
{"email":"maystark@geostele.com","phone":"+1 (901) 599-2506","address":"845 Bushwick Avenue, Walland, New Jersey, 4538","name":"Miss May Stark","account_ending":"7665"}
{"email":"douglaswatkins@sequitur.com","phone":"+1 (963) 463-2364","address":"698 Ellery Street, Elizaville, California, 8618","name":"Mr. Douglas Watkins","account_ending":"5333"}
{"email":"casandraraymond@maroptic.com","phone":"+1 (869) 468-3719","address":"585 Elliott Place, Calpine, Nevada, 3755","name":"Miss Casandra Raymond","account_ending":"6310"}
{"email":"riverawarner@ewaves.com","phone":"+1 (951) 588-3950","address":"375 Cass Place, Jacumba, New Mexico, 7499","name":"Mr. Rivera Warner","account_ending":"1154"}
{"email":"jocelynturner@marvane.com","phone":"+1 (928) 480-2289","address":"798 Knapp Street, Wescosville, New Hampshire, 2008","name":"Miss Jocelyn Turner","account_ending":"7027"}
{"email":"murphypeters@tellifly.com","phone":"+1 (931) 590-2912","address":"287 Hemlock Street, Machias, North Dakota, 1848","name":"Mr. Murphy Peters","account_ending":"4035"}
{"email":"barrettjensen@quarmony.com","phone":"+1 (898) 409-3630","address":"945 Highland Avenue, Moraida, West Virginia, 2139","name":"Mr. Barrett Jensen","account_ending":"2621"}
{"email":"bestskinner@assistia.com","phone":"+1 (818) 557-3294","address":"424 Sedgwick Place, Glidden, Hawaii, 6464","name":"Mr. Best Skinner","account_ending":"0011"}
{"email":"shirleygross@nixelt.com","phone":"+1 (866) 537-3906","address":"996 Beverly Road, Baker, Delaware, 9790","name":"Miss Shirley Gross","account_ending":"4961"}
{"email":"hintonriddle@pushcart.com","phone":"+1 (991) 470-2513","address":"541 Hooper Street, Gorham, Vermont, 9150","name":"Mr. Hinton Riddle","account_ending":"7102"}
{"email":"cheryljohnston@isoplex.com","phone":"+1 (922) 556-2388","address":"721 Perry Terrace, Callaghan, Michigan, 5275","name":"Miss Cheryl Johnston","account_ending":"8707"}
{"email":"hooperfox@duflex.com","phone":"+1 (852) 401-2572","address":"877 Howard Avenue, Lafferty, Kentucky, 7910","name":"Mr. Hooper Fox","account_ending":"6804"}
{"email":"bendermassey@sureplex.com","phone":"+1 (895) 416-3380","address":"221 Lois Avenue, Leola, Federated States Of Micronesia, 1793","name":"Mr. Bender Massey","account_ending":"1800"}
{"email":"barlowbass@namegen.com","phone":"+1 (980) 501-3832","address":"173 Rochester Avenue, Wyoming, Rhode Island, 8311","name":"Mr. Barlow Bass","account_ending":"5070"}
{"email":"gallowayoliver@maximind.com","phone":"+1 (952) 593-3277","address":"459 Opal Court, Germanton, Ohio, 3490","name":"Mr. Galloway Oliver","account_ending":"8974"}
{"email":"evansmosley@junipoor.com","phone":"+1 (889) 428-2136","address":"100 Douglass Street, Thatcher, Louisiana, 4530","name":"Mr. Evans Mosley","account_ending":"2870"}
{"email":"darlenepatel@ceprene.com","phone":"+1 (862) 479-3710","address":"769 Pine Street, Trexlertown, Arkansas, 9772","name":"Miss Darlene Patel","account_ending":"0681"}
{"email":"crosbybarrera@insuron.com","phone":"+1 (808) 423-2573","address":"880 Karweg Place, Caroleen, Wisconsin, 8126","name":"Mr. Crosby Barrera","account_ending":"3453"}
{"email":"lottcarter@zilidium.com","phone":"+1 (951) 578-2060","address":"240 Mersereau Court, Jardine, South Carolina, 7317","name":"Mr. Lott Carter","account_ending":"3847"}
{"email":"waterspowell@zillactic.com","phone":"+1 (954) 413-3475","address":"542 Dwight Street, Fowlerville, Arizona, 3661","name":"Mr. Waters Powell","account_ending":"9346"}
{"email":"jodiewest@elita.com","phone":"+1 (815) 473-3173","address":"371 Ebony Court, Cotopaxi, Indiana, 761","name":"Miss Jodie West","account_ending":"3006"}
{"email":"herminiatodd@exospeed.com","phone":"+1 (815) 577-3793","address":"628 Clarkson Avenue, Smock, Guam, 7623","name":"Miss Herminia Todd","account_ending":"8434"}
{"email":"kellyherman@comtrak.com","phone":"+1 (851) 432-2194","address":"819 Cranberry Street, Morriston, Nevada, 3376","name":"Mr. Kelly Herman","account_ending":"1128"}
{"email":"flemingholman@bisba.com","phone":"+1 (961) 409-3690","address":"910 Dorset Street, Balm, Virgin Islands, 9434","name":"Mr. Fleming Holman","account_ending":"6937"}
{"email":"diannejennings@comvene.com","phone":"+1 (941) 539-3849","address":"321 Lacon Court, Neibert, New Mexico, 6858","name":"Miss Dianne Jennings","account_ending":"7623"}
{"email":"mavispatton@visualix.com","phone":"+1 (833) 598-3719","address":"490 Lewis Place, Fostoria, Massachusetts, 389","name":"Miss Mavis Patton","account_ending":"2137"}
{"email":"brookslowe@comtrek.com","phone":"+1 (878) 471-2116","address":"946 Beaver Street, Wells, South Dakota, 1631","name":"Mr. Brooks Lowe","account_ending":"2005"}
{"email":"craftsykes@imaginart.com","phone":"+1 (840) 464-2427","address":"826 Bragg Court, Hartsville/Hartley, Idaho, 6585","name":"Mr. Craft Sykes","account_ending":"0689"}
{"email":"tinavalenzuela@farmage.com","phone":"+1 (899) 522-3501","address":"154 Haring Street, Crucible, Florida, 6691","name":"Miss Tina Valenzuela","account_ending":"1481"}
{"email":"ilenecase@eclipsent.com","phone":"+1 (859) 417-3589","address":"259 Norfolk Street, Somerset, Delaware, 1155","name":"Miss Ilene Case","account_ending":"8869"}
{"email":"lynnsalinas@ezentia.com","phone":"+1 (841) 543-3559","address":"488 Conway Street, Brookfield, Maine, 9734","name":"Mr. Lynn Salinas","account_ending":"9490"}
{"email":"cotepowers@entropix.com","phone":"+1 (965) 549-2017","address":"693 Seagate Avenue, Limestone, Michigan, 2168","name":"Mr. Cote Powers","account_ending":"0745"}
{"email":"brockguy@plexia.com","phone":"+1 (999) 443-3653","address":"159 Jackson Place, Hampstead, District Of Columbia, 8372","name":"Mr. Brock Guy","account_ending":"9106"}
{"email":"morrisonmejia@telepark.com","phone":"+1 (992) 554-3068","address":"680 Quincy Street, Herlong, Kentucky, 120","name":"Mr. Morrison Mejia","account_ending":"2299"}
{"email":"meaganlindsey@comverges.com","phone":"+1 (928) 488-3891","address":"941 Lincoln Terrace, Churchill, Ohio, 3431","name":"Miss Meagan Lindsey","account_ending":"8459"}
{"email":"margerymiles@trollery.com","phone":"+1 (888) 524-2309","address":"940 Colin Place, Yettem, Oregon, 3581","name":"Miss Margery Miles","account_ending":"3060"}
{"email":"camillehuff@rubadub.com","phone":"+1 (901) 579-2416","address":"874 Oakland Place, Montura, Washington, 6049","name":"Miss Camille Huff","account_ending":"1045"}
{"email":"lynchsnow@ovation.com","phone":"+1 (805) 543-3102","address":"272 Beverley Road, Crenshaw, Indiana, 5018","name":"Mr. Lynch Snow","account_ending":"5653"}
{"email":"deborahayala@repetwire.com","phone":"+1 (928) 451-3700","address":"723 Brooklyn Avenue, Greenbush, Virginia, 3511","name":"Miss Deborah Ayala","account_ending":"0635"}
{"email":"guerrerovasquez@stockpost.com","phone":"+1 (924) 440-3488","address":"893 Jaffray Street, Winfred, Tennessee, 5470","name":"Mr. Guerrero Vasquez","account_ending":"6782"}
{"email":"holdencolon@uncorp.com","phone":"+1 (909) 430-3472","address":"102 Hicks Street, Albany, New York, 5514","name":"Mr. Holden Colon","account_ending":"0581"}
{"email":"kelliswanson@brainclip.com","phone":"+1 (998) 445-3844","address":"180 Goodwin Place, Fillmore, Oklahoma, 4001","name":"Miss Kelli Swanson","account_ending":"7383"}
{"email":"helenenixon@acruex.com","phone":"+1 (978) 535-2617","address":"279 Grant Avenue, Sunwest, New Jersey, 7420","name":"Miss Helene Nixon","account_ending":"3707"}
{"email":"justicealford@comstruct.com","phone":"+1 (908) 528-2477","address":"230 Billings Place, Wadsworth, Virgin Islands, 4432","name":"Mr. Justice Alford","account_ending":"5269"}
{"email":"freidagriffith@imageflow.com","phone":"+1 (943) 546-3187","address":"737 Madison Place, Canoochee, Massachusetts, 1964","name":"Miss Freida Griffith","account_ending":"3298"}
{"email":"mabelcamacho@softmicro.com","phone":"+1 (918) 531-2828","address":"608 Rodney Street, Rote, Northern Mariana Islands, 9441","name":"Miss Mabel Camacho","account_ending":"3592"}
{"email":"patsymcintyre@cowtown.com","phone":"+1 (955) 463-3500","address":"533 Stone Avenue, Nash, Montana, 3866","name":"Miss Patsy Mcintyre","account_ending":"1088"}
{"email":"brendanielsen@zaj.com","phone":"+1 (929) 548-2973","address":"649 Hyman Court, Wawona, Georgia, 7989","name":"Miss Brenda Nielsen","account_ending":"7806"}
{"email":"meredithgallagher@zillanet.com","phone":"+1 (861) 509-3980","address":"567 Union Street, Blanford, Utah, 2949","name":"Miss Meredith Gallagher","account_ending":"4200"}
{"email":"lambbecker@katakana.com","phone":"+1 (942) 400-3235","address":"770 Danforth Street, Bayview, Louisiana, 2868","name":"Mr. Lamb Becker","account_ending":"1249"}
{"email":"hillarymckay@xymonk.com","phone":"+1 (847) 419-2462","address":"973 Coleridge Street, Hinsdale, Washington, 5403","name":"Miss Hillary Mckay","account_ending":"9861"}
{"email":"sharleneblackburn@steeltab.com","phone":"+1 (825) 489-2212","address":"548 Boerum Place, Abrams, Minnesota, 3057","name":"Miss Sharlene Blackburn","account_ending":"2271"}
{"email":"beckyirwin@avenetro.com","phone":"+1 (898) 531-2812","address":"970 Cheever Place, Bath, California, 7042","name":"Miss Becky Irwin","account_ending":"1421"}
{"email":"ameliamccall@eyeris.com","phone":"+1 (861) 400-2378","address":"598 Cozine Avenue, Kaka, New Mexico, 1690","name":"Miss Amelia Mccall","account_ending":"9809"}
{"email":"leliadiaz@toyletry.com","phone":"+1 (972) 533-2428","address":"597 Bush Street, Morgandale, New Hampshire, 4594","name":"Miss Lelia Diaz","account_ending":"1117"}
{"email":"trevinodunlap@orbiflex.com","phone":"+1 (876) 401-3357","address":"152 Brighton Court, Newkirk, North Carolina, 6779","name":"Mr. Trevino Dunlap","account_ending":"0045"}
{"email":"tannermorgan@rockyard.com","phone":"+1 (828) 406-3642","address":"387 Lyme Avenue, Sandston, Montana, 8605","name":"Mr. Tanner Morgan","account_ending":"9956"}
{"email":"wongblackwell@miraclis.com","phone":"+1 (875) 536-3349","address":"180 Baughman Place, Dundee, Hawaii, 739","name":"Mr. Wong Blackwell","account_ending":"6650"}
{"email":"burrishines@eplode.com","phone":"+1 (956) 418-3307","address":"543 Lafayette Avenue, Wakarusa, Delaware, 8034","name":"Mr. Burris Hines","account_ending":"4370"}
{"email":"gretagrimes@cytrex.com","phone":"+1 (930) 503-3180","address":"983 Central Avenue, Tooleville, Maine, 9013","name":"Miss Greta Grimes","account_ending":"2055"}
{"email":"tracywatson@amril.com","phone":"+1 (860) 482-3513","address":"417 Decatur Street, Wilsonia, Alaska, 1032","name":"Miss Tracy Watson","account_ending":"9967"}
{"email":"adkinsjoseph@freakin.com","phone":"+1 (904) 548-3899","address":"741 Bleecker Street, Dellview, Oregon, 507","name":"Mr. Adkins Joseph","account_ending":"4967"}
{"email":"belindafrazier@isologica.com","phone":"+1 (850) 461-3373","address":"667 Lawton Street, Tilden, Washington, 872","name":"Miss Belinda Frazier","account_ending":"6071"}
{"email":"shepardlittle@nebulean.com","phone":"+1 (828) 511-3313","address":"358 Cove Lane, Coral, Wisconsin, 2207","name":"Mr. Shepard Little","account_ending":"0694"}
{"email":"elliottriley@telpod.com","phone":"+1 (870) 539-3404","address":"704 John Street, Abiquiu, Palau, 2432","name":"Mr. Elliott Riley","account_ending":"4334"}
{"email":"natalielivingston@electonic.com","phone":"+1 (838) 475-2373","address":"229 Kenilworth Place, Hackneyville, Iowa, 6560","name":"Miss Natalie Livingston","account_ending":"3584"}
{"email":"wyattcantu@infotrips.com","phone":"+1 (817) 573-3141","address":"934 Stryker Street, Takilma, Puerto Rico, 2331","name":"Mr. Wyatt Cantu","account_ending":"2708"}
{"email":"olivefloyd@ohmnet.com","phone":"+1 (815) 548-3578","address":"299 Oak Street, Beechmont, Mississippi, 474","name":"Miss Olive Floyd","account_ending":"0972"}
{"email":"maribellong@combogene.com","phone":"+1 (961) 413-2126","address":"409 Veranda Place, Chase, California, 6473","name":"Miss Maribel Long","account_ending":"8122"}
{"email":"englandgrant@genmom.com","phone":"+1 (858) 400-2336","address":"842 Fay Court, Cuylerville, Nevada, 7249","name":"Mr. England Grant","account_ending":"9079"}
{"email":"moodystanley@manglo.com","phone":"+1 (838) 543-3739","address":"870 Classon Avenue, Sisquoc, American Samoa, 9213","name":"Mr. Moody Stanley","account_ending":"0873"}
{"email":"blackwynn@gaptec.com","phone":"+1 (897) 515-2115","address":"914 Willow Street, Hemlock, New Mexico, 9705","name":"Mr. Black Wynn","account_ending":"6183"}
{"email":"susannavazquez@gink.com","phone":"+1 (841) 472-3354","address":"283 Canal Avenue, Charco, Missouri, 5826","name":"Miss Susanna Vazquez","account_ending":"3282"}
{"email":"hughesfields@entality.com","phone":"+1 (940) 514-3869","address":"353 Bristol Street, Century, New Hampshire, 3456","name":"Mr. Hughes Fields","account_ending":"9509"}
{"email":"lidiaengland@applideck.com","phone":"+1 (972) 489-2246","address":"703 Elliott Walk, Crawfordsville, Nebraska, 7817","name":"Miss Lidia England","account_ending":"8017"}
{"email":"youngellis@quonk.com","phone":"+1 (830) 432-3674","address":"357 Sumner Place, Orviston, Wyoming, 328","name":"Miss Young Ellis","account_ending":"7615"}
{"email":"andrewsgraves@eternis.com","phone":"+1 (912) 470-3516","address":"509 Menahan Street, Chautauqua, Idaho, 4292","name":"Mr. Andrews Graves","account_ending":"9496"}
{"email":"fitzpatrickcampos@kinetica.com","phone":"+1 (847) 424-2669","address":"289 Bethel Loop, Gadsden, North Dakota, 7242","name":"Mr. Fitzpatrick Campos","account_ending":"8188"}
{"email":"norawilkerson@cyclonica.com","phone":"+1 (943) 473-2082","address":"499 Bushwick Place, Elfrida, Hawaii, 1453","name":"Miss Nora Wilkerson","account_ending":"3778"}
{"email":"foleylevy@suremax.com","phone":"+1 (854) 524-2249","address":"185 Autumn Avenue, Jugtown, Delaware, 2924","name":"Mr. Foley Levy","account_ending":"3069"}
{"email":"johnniepatrick@goko.com","phone":"+1 (873) 546-3438","address":"464 Cedar Street, Ypsilanti, Maine, 3435","name":"Miss Johnnie Patrick","account_ending":"9128"}
{"email":"pamgilbert@yurture.com","phone":"+1 (823) 579-3109","address":"548 Anthony Street, Bynum, Kansas, 3969","name":"Miss Pam Gilbert","account_ending":"6513"}
{"email":"paulakemp@zidox.com","phone":"+1 (875) 413-2486","address":"254 Seton Place, Chesapeake, Kentucky, 2635","name":"Miss Paula Kemp","account_ending":"5619"}
{"email":"gravesashley@opticon.com","phone":"+1 (969) 456-3851","address":"874 Nassau Street, Graball, Georgia, 412","name":"Mr. Graves Ashley","account_ending":"8867"}
{"email":"henrymccormick@optyk.com","phone":"+1 (959) 428-3618","address":"464 Anna Court, Brutus, Louisiana, 3884","name":"Mr. Henry Mccormick","account_ending":"4548"}
{"email":"wilkersonstone@flyboyz.com","phone":"+1 (944) 417-3634","address":"794 Heath Place, Bluffview, Puerto Rico, 7257","name":"Mr. Wilkerson Stone","account_ending":"1646"}
{"email":"mcdonaldhester@geekwagon.com","phone":"+1 (897) 591-3911","address":"666 Jamaica Avenue, Tonopah, Iowa, 1909","name":"Mr. Mcdonald Hester","account_ending":"6337"}
{"email":"franklinkeller@luxuria.com","phone":"+1 (842) 412-3804","address":"102 Hamilton Walk, Knowlton, Palau, 8927","name":"Mr. Franklin Keller","account_ending":"0906"}
{"email":"maddoxcline@decratex.com","phone":"+1 (848) 532-3236","address":"486 Rutland Road, Holcombe, Oklahoma, 3077","name":"Mr. Maddox Cline","account_ending":"2388"}
{"email":"eatoneaton@netplax.com","phone":"+1 (922) 430-3220","address":"724 Roosevelt Place, Murillo, American Samoa, 9933","name":"Mr. Eaton Eaton","account_ending":"3922"}
{"email":"riverssutton@exiand.com","phone":"+1 (888) 411-2984","address":"147 Bassett Avenue, Harrodsburg, Massachusetts, 5239","name":"Mr. Rivers Sutton","account_ending":"2687"}
{"email":"traceyreilly@dogtown.com","phone":"+1 (852) 600-2727","address":"602 Rutledge Street, Tecolotito, New Hampshire, 1566","name":"Miss Tracey Reilly","account_ending":"3582"}
{"email":"helenamcknight@orbean.com","phone":"+1 (981) 526-2422","address":"502 Lincoln Avenue, Deercroft, Maryland, 6665","name":"Miss Helena Mcknight","account_ending":"6804"}
{"email":"pratthenderson@neptide.com","phone":"+1 (805) 566-3504","address":"687 Thomas Street, Interlochen, Utah, 1370","name":"Mr. Pratt Henderson","account_ending":"3328"}
{"email":"talleygalloway@quintity.com","phone":"+1 (864) 589-2210","address":"329 Aberdeen Street, Convent, Iowa, 4349","name":"Mr. Talley Galloway","account_ending":"3838"}
{"email":"concepcionwhitley@aquafire.com","phone":"+1 (861) 522-3216","address":"669 Lynch Street, Richford, Indiana, 2167","name":"Miss Concepcion Whitley","account_ending":"1096"}
{"email":"patenoble@mazuda.com","phone":"+1 (828) 427-2179","address":"841 Crescent Street, Brandywine, Oklahoma, 5996","name":"Mr. Pate Noble","account_ending":"3514"}
{"email":"beatricebridges@retrotex.com","phone":"+1 (920) 417-2850","address":"428 Lake Place, Ventress, Colorado, 1547","name":"Miss Beatrice Bridges","account_ending":"4982"}
{"email":"gonzalezavila@earwax.com","phone":"+1 (851) 582-2361","address":"454 Nolans Lane, Norvelt, Guam, 7670","name":"Mr. Gonzalez Avila","account_ending":"4212"}
{"email":"mathewswise@tubalum.com","phone":"+1 (884) 481-3699","address":"132 Cypress Court, Enoree, Idaho, 2745","name":"Mr. Mathews Wise","account_ending":"2129"}
{"email":"mccallhoover@reversus.com","phone":"+1 (842) 492-3798","address":"550 College Place, Cumminsville, Maine, 6015","name":"Mr. Mccall Hoover","account_ending":"6355"}
{"email":"pachecomorrison@enquility.com","phone":"+1 (894) 481-3044","address":"711 Greenwood Avenue, Marne, Vermont, 6340","name":"Mr. Pacheco Morrison","account_ending":"9022"}
{"email":"williegibbs@exovent.com","phone":"+1 (897) 439-2611","address":"235 Turner Place, Hardyville, Michigan, 4228","name":"Miss Willie Gibbs","account_ending":"0671"}
{"email":"krystalburgess@lyria.com","phone":"+1 (804) 499-3947","address":"902 Troutman Street, Dahlen, Kansas, 8845","name":"Miss Krystal Burgess","account_ending":"6240"}
{"email":"mariannewade@ovolo.com","phone":"+1 (884) 535-3827","address":"179 Grand Avenue, Hobucken, Federated States Of Micronesia, 5000","name":"Miss Marianne Wade","account_ending":"4134"}
{"email":"galele@utarian.com","phone":"+1 (959) 518-3920","address":"725 Dahl Court, Springville, Arkansas, 9883","name":"Miss Gale Le","account_ending":"8684"}
{"email":"pattersonodonnell@obones.com","phone":"+1 (882) 538-2643","address":"765 Glenwood Road, Statenville, Oregon, 5494","name":"Mr. Patterson Odonnell","account_ending":"9396"}
{"email":"rubyfischer@sportan.com","phone":"+1 (869) 537-3402","address":"510 Banner Avenue, Vivian, Washington, 7605","name":"Miss Ruby Fischer","account_ending":"3736"}
{"email":"shannagould@navir.com","phone":"+1 (967) 467-3273","address":"179 Llama Court, Sugartown, Minnesota, 9407","name":"Miss Shanna Gould","account_ending":"6324"}
{"email":"brittwolf@koogle.com","phone":"+1 (993) 587-2722","address":"836 Powers Street, Bendon, Texas, 7531","name":"Mr. Britt Wolf","account_ending":"5456"}
{"email":"noblehall@anarco.com","phone":"+1 (846) 546-3155","address":"474 Rockwell Place, Idledale, Illinois, 3781","name":"Mr. Noble Hall","account_ending":"0650"}
{"email":"whitakermcclure@firewax.com","phone":"+1 (844) 445-2298","address":"364 Clinton Avenue, Saranap, Indiana, 7557","name":"Mr. Whitaker Mcclure","account_ending":"8652"}
{"email":"copelandscott@viasia.com","phone":"+1 (842) 524-2410","address":"642 Remsen Street, Wattsville, Alabama, 5351","name":"Mr. Copeland Scott","account_ending":"1865"}
{"email":"freemansandoval@intrawear.com","phone":"+1 (962) 401-3261","address":"420 Garfield Place, Saddlebrooke, North Carolina, 3542","name":"Mr. Freeman Sandoval","account_ending":"1634"}
{"email":"celinahenson@cognicode.com","phone":"+1 (990) 456-2509","address":"279 Poplar Street, Grantville, Wyoming, 3222","name":"Miss Celina Henson","account_ending":"3124"}
{"email":"georginajoyner@venoflex.com","phone":"+1 (955) 447-3134","address":"192 Harway Avenue, Sperryville, West Virginia, 9153","name":"Miss Georgina Joyner","account_ending":"1283"}
{"email":"marionsalazar@avit.com","phone":"+1 (905) 541-3015","address":"890 Navy Street, Camas, Hawaii, 4295","name":"Miss Marion Salazar","account_ending":"7380"}
{"email":"katharinewright@mantrix.com","phone":"+1 (885) 536-3325","address":"620 Tompkins Avenue, Allison, Michigan, 5737","name":"Miss Katharine Wright","account_ending":"8163"}
{"email":"winifreddorsey@zillatide.com","phone":"+1 (918) 473-2670","address":"516 Vine Street, Fairacres, District Of Columbia, 7522","name":"Miss Winifred Dorsey","account_ending":"9297"}
{"email":"pearlieedwards@entroflex.com","phone":"+1 (980) 577-2836","address":"668 Aster Court, Fairfield, Ohio, 9814","name":"Miss Pearlie Edwards","account_ending":"6976"}
{"email":"hooversalas@comvex.com","phone":"+1 (904) 449-2882","address":"327 Hazel Court, Lindisfarne, Virginia, 5369","name":"Mr. Hoover Salas","account_ending":"5548"}
{"email":"janelleblake@velos.com","phone":"+1 (888) 563-3506","address":"271 Temple Court, Cazadero, New Mexico, 9933","name":"Miss Janelle Blake","account_ending":"0119"}
{"email":"calderonheath@ronelon.com","phone":"+1 (856) 494-3001","address":"234 Driggs Avenue, Hanover, Missouri, 2342","name":"Mr. Calderon Heath","account_ending":"8319"}
{"email":"joanguerra@martgo.com","phone":"+1 (948) 479-3537","address":"457 Lancaster Avenue, Lorraine, Wyoming, 5088","name":"Miss Joan Guerra","account_ending":"5611"}
{"email":"jacklynharper@koffee.com","phone":"+1 (815) 548-3818","address":"472 Forbell Street, Navarre, Hawaii, 386","name":"Miss Jacklyn Harper","account_ending":"5974"}
{"email":"nettiebrennan@magmina.com","phone":"+1 (956) 408-2345","address":"543 Dikeman Street, Trucksville, District Of Columbia, 8450","name":"Miss Nettie Brennan","account_ending":"5089"}
{"email":"delaneysexton@eventex.com","phone":"+1 (911) 454-2859","address":"292 Coventry Road, Axis, Federated States Of Micronesia, 5708","name":"Mr. Delaney Sexton","account_ending":"8123"}
{"email":"estellamaxwell@cubix.com","phone":"+1 (861) 576-3216","address":"522 Ralph Avenue, Flintville, Rhode Island, 2169","name":"Miss Estella Maxwell","account_ending":"1067"}
{"email":"constancelevine@lexicondo.com","phone":"+1 (901) 526-3645","address":"398 Dodworth Street, Oberlin, Louisiana, 6826","name":"Miss Constance Levine","account_ending":"4259"}
{"email":"wrightfrancis@corporana.com","phone":"+1 (931) 482-2746","address":"733 Waldorf Court, Lupton, New York, 4286","name":"Mr. Wright Francis","account_ending":"8051"}
{"email":"cunninghammoody@exozent.com","phone":"+1 (885) 438-3934","address":"707 Lincoln Place, Winchester, Mississippi, 7245","name":"Mr. Cunningham Moody","account_ending":"9975"}
{"email":"walterparsons@gonkle.com","phone":"+1 (842) 453-2656","address":"950 Harrison Place, Richmond, Colorado, 5574","name":"Mr. Walter Parsons","account_ending":"6219"}
{"email":"griffithdonaldson@buzzworks.com","phone":"+1 (932) 576-2809","address":"601 Monitor Street, Ticonderoga, Guam, 1790","name":"Mr. Griffith Donaldson","account_ending":"7248"}
{"email":"summersmelton@snowpoke.com","phone":"+1 (925) 579-2651","address":"492 Bay Street, Clarence, California, 248","name":"Mr. Summers Melton","account_ending":"1314"}
{"email":"sancheztillman@gazak.com","phone":"+1 (893) 465-3966","address":"209 Commerce Street, Grandview, American Samoa, 2031","name":"Mr. Sanchez Tillman","account_ending":"9268"}
{"email":"bertiewelch@pyramax.com","phone":"+1 (946) 553-2948","address":"107 Mill Avenue, Snowville, Missouri, 4339","name":"Miss Bertie Welch","account_ending":"7648"}
{"email":"eileengolden@xumonk.com","phone":"+1 (948) 520-2429","address":"679 McKibben Street, Carrizo, North Carolina, 3535","name":"Miss Eileen Golden","account_ending":"0154"}
{"email":"luzsherman@newcube.com","phone":"+1 (865) 563-2943","address":"208 Varanda Place, Summertown, Northern Mariana Islands, 2647","name":"Miss Luz Sherman","account_ending":"8978"}
{"email":"ofeliamann@bullzone.com","phone":"+1 (973) 549-2241","address":"142 Cameron Court, Eureka, Montana, 6021","name":"Miss Ofelia Mann","account_ending":"2908"}
{"email":"alexandrarosario@comtour.com","phone":"+1 (940) 586-2281","address":"410 Lawrence Avenue, Kimmell, Michigan, 476","name":"Miss Alexandra Rosario","account_ending":"4608"}
{"email":"latishawilkins@zaggle.com","phone":"+1 (873) 582-3882","address":"306 Onderdonk Avenue, Retsof, Federated States Of Micronesia, 8754","name":"Miss Latisha Wilkins","account_ending":"7328"}
{"email":"trinacain@opportech.com","phone":"+1 (835) 586-2897","address":"497 Caton Place, Layhill, Arkansas, 4661","name":"Miss Trina Cain","account_ending":"6570"}
{"email":"hodgequinn@anocha.com","phone":"+1 (911) 553-2290","address":"959 Macdougal Street, Sylvanite, Washington, 4139","name":"Mr. Hodge Quinn","account_ending":"3077"}
{"email":"bonniehenry@nimon.com","phone":"+1 (878) 521-2341","address":"674 Senator Street, Harold, Minnesota, 4161","name":"Miss Bonnie Henry","account_ending":"8805"}
{"email":"legarcia@waterbaby.com","phone":"+1 (833) 545-3994","address":"670 Carlton Avenue, Cresaptown, Wisconsin, 2308","name":"Mr. Le Garcia","account_ending":"6681"}
{"email":"jeriwhite@plasmosis.com","phone":"+1 (838) 575-2636","address":"794 Erasmus Street, Grazierville, Palau, 3655","name":"Miss Jeri White","account_ending":"7121"}
{"email":"ingridmichael@comtract.com","phone":"+1 (947) 597-3179","address":"606 Jay Street, Gulf, Iowa, 3675","name":"Miss Ingrid Michael","account_ending":"4841"}
{"email":"wigginscalhoun@flum.com","phone":"+1 (929) 438-3114","address":"298 Elm Avenue, Reno, Marshall Islands, 653","name":"Mr. Wiggins Calhoun","account_ending":"9814"}
{"email":"allisonjones@zentility.com","phone":"+1 (811) 554-2069","address":"501 Homecrest Court, Campo, Mississippi, 8932","name":"Mr. Allison Jones","account_ending":"6468"}
{"email":"guerrawarren@bunga.com","phone":"+1 (900) 518-3961","address":"339 Lott Street, Cedarville, Oklahoma, 5789","name":"Mr. Guerra Warren","account_ending":"7211"}
{"email":"webstermathis@arctiq.com","phone":"+1 (865) 464-2162","address":"577 Dewey Place, Turpin, American Samoa, 3038","name":"Mr. Webster Mathis","account_ending":"0478"}
{"email":"bensonhood@insurity.com","phone":"+1 (981) 573-3223","address":"335 Henry Street, Greenbackville, Virgin Islands, 6104","name":"Mr. Benson Hood","account_ending":"7450"}
{"email":"dillonduran@artiq.com","phone":"+1 (850) 434-3339","address":"783 Richmond Street, Bentley, New Hampshire, 5984","name":"Mr. Dillon Duran","account_ending":"0321"}
{"email":"suarezrios@ecolight.com","phone":"+1 (900) 567-3312","address":"207 Stillwell Place, Why, Montana, 994","name":"Mr. Suarez Rios","account_ending":"6220"}
{"email":"woodswilkinson@earbang.com","phone":"+1 (978) 522-3022","address":"364 Russell Street, Edneyville, Maine, 3847","name":"Mr. Woods Wilkinson","account_ending":"2210"}
{"email":"rosskline@tersanki.com","phone":"+1 (861) 411-3130","address":"813 Bogart Street, Hiwasse, Michigan, 4984","name":"Mr. Ross Kline","account_ending":"1276"}
{"email":"isabellagamble@quizka.com","phone":"+1 (984) 473-2315","address":"983 Miami Court, Guilford, Georgia, 289","name":"Miss Isabella Gamble","account_ending":"6846"}
{"email":"wilsonrice@blanet.com","phone":"+1 (847) 521-2769","address":"761 Sutton Street, Floris, Washington, 1579","name":"Mr. Wilson Rice","account_ending":"0079"}
{"email":"martamadden@teraprene.com","phone":"+1 (994) 504-2856","address":"132 Portal Street, Riceville, Wisconsin, 2476","name":"Miss Marta Madden","account_ending":"6856"}
{"email":"hopefowler@boilcat.com","phone":"+1 (905) 584-2453","address":"381 Rewe Street, Marienthal, Texas, 3393","name":"Miss Hope Fowler","account_ending":"9227"}
{"email":"kiddshepherd@balooba.com","phone":"+1 (983) 409-3326","address":"869 Gotham Avenue, Homestead, Illinois, 5717","name":"Mr. Kidd Shepherd","account_ending":"3852"}
{"email":"kelleymcneil@bristo.com","phone":"+1 (861) 504-2070","address":"518 Willmohr Street, Chapin, Tennessee, 5069","name":"Miss Kelley Mcneil","account_ending":"8021"}
{"email":"ebonybritt@fishland.com","phone":"+1 (977) 484-3545","address":"131 Bedford Avenue, Stewartville, New York, 4822","name":"Miss Ebony Britt","account_ending":"3997"}
{"email":"nashhurst@papricut.com","phone":"+1 (804) 445-3062","address":"396 Oceanview Avenue, Boyd, Oklahoma, 7420","name":"Mr. Nash Hurst","account_ending":"3731"}
{"email":"quinnhardy@multiflex.com","phone":"+1 (920) 448-3991","address":"280 Bay Parkway, Bethany, Nevada, 5269","name":"Mr. Quinn Hardy","account_ending":"1371"}
