{"_id":{"$oid":"59bff494f70ff89cacc36f90"},"trends":[{"month":"January","avg_high_tmp":42.0,"avg_low_tmp":27.0,"icecream_cpi":238.8,"icecream_sales_in_millions":115.0},{"month":"February","avg_high_tmp":44.0,"avg_low_tmp":28.0,"icecream_cpi":225.5,"icecream_sales_in_millions":118.0},{"month":"March","avg_high_tmp":53.0,"avg_low_tmp":35.0,"icecream_cpi":221.9,"icecream_sales_in_millions":121.0},{"month":"April","avg_high_tmp":64.0,"avg_low_tmp":44.0,"icecream_cpi":222.6,"icecream_sales_in_millions":125.0},{"month":"May","avg_high_tmp":75.0,"avg_low_tmp":54.0,"icecream_cpi":216.7,"icecream_sales_in_millions":140.0},{"month":"June","avg_high_tmp":83.0,"avg_low_tmp":63.0,"icecream_cpi":216.6,"icecream_sales_in_millions":155.0},{"month":"July","avg_high_tmp":87.0,"avg_low_tmp":68.0,"icecream_cpi":213.2,"icecream_sales_in_millions":163.0},{"month":"August","avg_high_tmp":84.0,"avg_low_tmp":66.0,"icecream_cpi":215.9,"icecream_sales_in_millions":157.0},{"month":"September","avg_high_tmp":78.0,"avg_low_tmp":59.0,"icecream_cpi":217.4,"icecream_sales_in_millions":140.0},{"month":"October","avg_high_tmp":67.0,"avg_low_tmp":48.0,"icecream_cpi":218.7,"icecream_sales_in_millions":128.0},{"month":"November","avg_high_tmp":55.0,"avg_low_tmp":38.0,"icecream_cpi":220.3,"icecream_sales_in_millions":122.0},{"month":"December","avg_high_tmp":45.0,"avg_low_tmp":29.0,"icecream_cpi":227.7,"icecream_sales_in_millions":117.0}]}
