{"email":"adrianacontreras@xelegyl.com","phone":"+1 (809) 590-2207","address":"873 Imlay Street, Byrnedale, New York, 7799","account_ending":"9576","name":"Miss Adriana Contreras"}
{"email":"jeffersonwallace@miracula.com","phone":"+1 (832) 517-2751","address":"819 Fenimore Street, Rockbridge, Marshall Islands, 8914","account_ending":"6906","name":"Mr. Jefferson Wallace"}
{"email":"jeannesmith@sybixtex.com","phone":"+1 (837) 431-2380","address":"349 Joval Court, Hondah, Colorado, 8777","account_ending":"5550","name":"Miss Jeanne Smith"}
{"email":"lucileeverett@zytrac.com","phone":"+1 (945) 582-3162","address":"306 Navy Walk, Aurora, American Samoa, 9332","account_ending":"7640","name":"Miss Lucile Everett"}
{"email":"lizacarlson@syntac.com","phone":"+1 (950) 426-3724","address":"316 Vermont Street, Cascades, Oklahoma, 7727","account_ending":"9729","name":"Miss Liza Carlson"}
{"email":"camachojuarez@musaphics.com","phone":"+1 (831) 537-3516","address":"545 Village Road, Englevale, New Hampshire, 6041","account_ending":"9569","name":"Mr. Camacho Juarez"}
{"email":"vinsonochoa@unia.com","phone":"+1 (844) 539-3151","address":"622 Garnet Street, Brownsville, Northern Mariana Islands, 8177","account_ending":"9762","name":"Mr. Vinson Ochoa"}
{"email":"aureliaharvey@exoswitch.com","phone":"+1 (885) 533-2282","address":"172 Berriman Street, Boling, Tennessee, 6130","account_ending":"8921","name":"Miss Aurelia Harvey"}
{"email":"blancastevenson@hawkster.com","phone":"+1 (978) 552-3225","address":"914 Forrest Street, Townsend, North Dakota, 6995","account_ending":"2254","name":"Miss Blanca Stevenson"}
{"email":"shieldscastaneda@overfork.com","phone":"+1 (924) 482-3620","address":"707 Wolcott Street, Healy, Wyoming, 4945","account_ending":"7078","name":"Mr. Shields Castaneda"}
{"email":"obriendelgado@gushkool.com","phone":"+1 (904) 410-3579","address":"607 Folsom Place, Manila, Maine, 3852","account_ending":"7311","name":"Mr. Obrien Delgado"}
{"email":"carolecastro@verbus.com","phone":"+1 (934) 463-3630","address":"119 Bancroft Place, Crown, Vermont, 1952","account_ending":"9532","name":"Miss Carole Castro"}
{"email":"latonyasantana@accusage.com","phone":"+1 (972) 421-2576","address":"449 Belmont Avenue, Yardville, Michigan, 7218","account_ending":"4461","name":"Miss Latonya Santana"}
{"email":"medinabuckner@olympix.com","phone":"+1 (822) 502-3780","address":"133 Jardine Place, Carrsville, Federated States Of Micronesia, 6499","account_ending":"0410","name":"Mr. Medina Buckner"}
{"email":"washingtonewing@prismatic.com","phone":"+1 (829) 598-2053","address":"465 Juliana Place, Orovada, Minnesota, 1343","account_ending":"4892","name":"Mr. Washington Ewing"}
{"email":"tiabarton@rameon.com","phone":"+1 (820) 503-3287","address":"898 Hamilton Avenue, Dalton, Wisconsin, 5879","account_ending":"6679","name":"Miss Tia Barton"}
{"email":"daphnegeorge@zillar.com","phone":"+1 (949) 449-3536","address":"181 Hale Avenue, Ruckersville, South Carolina, 344","account_ending":"4075","name":"Miss Daphne George"}
{"email":"mccormickfrye@letpro.com","phone":"+1 (896) 427-3305","address":"434 Kermit Place, Hoehne, Virginia, 4912","account_ending":"0606","name":"Mr. Mccormick Frye"}
{"email":"terivega@spherix.com","phone":"+1 (915) 552-2609","address":"583 Forest Place, Rockhill, American Samoa, 9854","account_ending":"3395","name":"Miss Teri Vega"}
{"email":"stewarthudson@hinway.com","phone":"+1 (967) 576-2686","address":"238 Maple Avenue, Nettie, Missouri, 8648","account_ending":"3008","name":"Mr. Stewart Hudson"}
{"email":"christadelaney@flexigen.com","phone":"+1 (989) 536-2898","address":"591 Rockaway Avenue, Austinburg, New Hampshire, 5849","account_ending":"2320","name":"Miss Christa Delaney"}
{"email":"cortezsweeney@mantro.com","phone":"+1 (827) 411-3661","address":"892 Schenck Place, Sehili, South Dakota, 1537","account_ending":"6758","name":"Mr. Cortez Sweeney"}
{"email":"saundramolina@slax.com","phone":"+1 (891) 588-2309","address":"278 Harbor Lane, Rehrersburg, Alabama, 671","account_ending":"7885","name":"Miss Saundra Molina"}
{"email":"carsonbeach@injoy.com","phone":"+1 (871) 549-3879","address":"181 Franklin Street, Utting, Nebraska, 9798","account_ending":"0391","name":"Mr. Carson Beach"}
{"email":"estesmccullough@hydrocom.com","phone":"+1 (914) 600-2377","address":"522 Newton Street, Brazos, North Carolina, 5001","account_ending":"1351","name":"Mr. Estes Mccullough"}
{"email":"berylmayer@golistic.com","phone":"+1 (825) 558-2920","address":"203 Garden Place, Davenport, Idaho, 122","account_ending":"4627","name":"Miss Beryl Mayer"}
{"email":"cannonmarquez@zytrek.com","phone":"+1 (941) 556-2288","address":"516 Seagate Terrace, Alamo, Delaware, 7179","account_ending":"6134","name":"Mr. Cannon Marquez"}
{"email":"kayjimenez@conjurica.com","phone":"+1 (983) 442-2249","address":"226 Sackman Street, Dargan, Kansas, 2250","account_ending":"6895","name":"Miss Kay Jimenez"}
{"email":"lesterhughes@norsul.com","phone":"+1 (884) 497-3185","address":"461 Oxford Street, Roberts, Georgia, 273","account_ending":"6865","name":"Mr. Lester Hughes"}
{"email":"mercedeswiley@geologix.com","phone":"+1 (821) 466-2624","address":"993 Halleck Street, Vowinckel, Rhode Island, 6604","account_ending":"5909","name":"Miss Mercedes Wiley"}
{"email":"diannaroy@medicroix.com","phone":"+1 (851) 587-2522","address":"931 Kent Avenue, Maybell, Oregon, 5181","account_ending":"2700","name":"Miss Dianna Roy"}
{"email":"isabelsuarez@ecrater.com","phone":"+1 (897) 540-3299","address":"765 Liberty Avenue, Hayden, Arkansas, 181","account_ending":"1535","name":"Miss Isabel Suarez"}
{"email":"georgiamercado@iplax.com","phone":"+1 (831) 418-2986","address":"394 Jewel Street, Tolu, Palau, 7202","account_ending":"4279","name":"Miss Georgia Mercado"}
{"email":"hendrixneal@enjola.com","phone":"+1 (942) 498-2337","address":"719 Fulton Street, Southview, Mississippi, 4273","account_ending":"9153","name":"Mr. Hendrix Neal"}
{"email":"stuartyork@voratak.com","phone":"+1 (964) 584-2946","address":"899 Love Lane, Magnolia, Oklahoma, 7987","account_ending":"5731","name":"Mr. Stuart York"}
{"email":"heidimcguire@eclipto.com","phone":"+1 (889) 542-3253","address":"554 Micieli Place, Tryon, Guam, 7050","account_ending":"7459","name":"Miss Heidi Mcguire"}
{"email":"valeriegallegos@securia.com","phone":"+1 (886) 484-3437","address":"996 Kosciusko Street, Cade, Massachusetts, 4028","account_ending":"6663","name":"Miss Valerie Gallegos"}
{"email":"peckfoster@sonique.com","phone":"+1 (917) 428-3753","address":"694 Wilson Street, Felt, Nebraska, 4133","account_ending":"4115","name":"Mr. Peck Foster"}
{"email":"alfordmckee@klugger.com","phone":"+1 (813) 598-2660","address":"826 Blake Court, Calvary, West Virginia, 8725","account_ending":"1539","name":"Mr. Alford Mckee"}
{"email":"paulettemorin@peticular.com","phone":"+1 (860) 556-2193","address":"502 Etna Street, Spelter, Alaska, 9140","account_ending":"2475","name":"Miss Paulette Morin"}
{"email":"katiebrady@grupoli.com","phone":"+1 (909) 456-3416","address":"261 Coffey Street, Coultervillle, Vermont, 4174","account_ending":"6332","name":"Miss Katie Brady"}
{"email":"lenoremorton@terragen.com","phone":"+1 (937) 488-2002","address":"712 Kenmore Terrace, Brady, Georgia, 7804","account_ending":"7447","name":"Miss Lenore Morton"}
{"email":"katherynpadilla@digifad.com","phone":"+1 (858) 488-2428","address":"881 Bridge Street, Rosedale, Oregon, 1419","account_ending":"0969","name":"Miss Katheryn Padilla"}
{"email":"maryellenwillis@slumberia.com","phone":"+1 (973) 570-2429","address":"966 Emerson Place, Bordelonville, Wisconsin, 904","account_ending":"8832","name":"Miss Maryellen Willis"}
{"email":"rogersshaffer@petigems.com","phone":"+1 (877) 574-2530","address":"740 High Street, Riverton, Texas, 8759","account_ending":"6316","name":"Mr. Rogers Shaffer"}
{"email":"cashtucker@exposa.com","phone":"+1 (891) 595-2650","address":"332 Church Avenue, Watrous, Illinois, 548","account_ending":"6378","name":"Mr. Cash Tucker"}
{"email":"parkstate@menbrain.com","phone":"+1 (861) 477-2206","address":"485 Atlantic Avenue, Foxworth, Puerto Rico, 8393","account_ending":"0892","name":"Mr. Parks Tate"}
{"email":"mooneystanton@qimonk.com","phone":"+1 (898) 421-2951","address":"202 Wyckoff Avenue, Finderne, Virginia, 8242","account_ending":"5311","name":"Mr. Mooney Stanton"}
{"email":"gillatkins@cipromox.com","phone":"+1 (828) 477-2732","address":"836 Noel Avenue, Highland, New Jersey, 7098","account_ending":"8450","name":"Mr. Gill Atkins"}
{"email":"bonitacrawford@dymi.com","phone":"+1 (954) 577-3062","address":"251 Sullivan Place, Bodega, New Mexico, 758","account_ending":"1718","name":"Miss Bonita Crawford"}
{"email":"renapoole@bolax.com","phone":"+1 (805) 576-3630","address":"748 Nelson Street, Muir, North Carolina, 9404","account_ending":"1080","name":"Miss Rena Poole"}
{"email":"melisasims@geoforma.com","phone":"+1 (963) 580-2714","address":"858 Throop Avenue, Windsor, Idaho, 7465","account_ending":"9124","name":"Miss Melisa Sims"}
{"email":"lanemoreno@vantage.com","phone":"+1 (970) 429-3833","address":"993 Degraw Street, Dixonville, Wyoming, 9393","account_ending":"0683","name":"Mr. Lane Moreno"}
{"email":"sheliagiles@icology.com","phone":"+1 (842) 594-2744","address":"444 Losee Terrace, Breinigsville, North Dakota, 8856","account_ending":"2593","name":"Miss Shelia Giles"}
{"email":"jessicagreen@dyno.com","phone":"+1 (812) 528-3533","address":"201 Chester Court, Vallonia, West Virginia, 5540","account_ending":"0500","name":"Miss Jessica Green"}
{"email":"millerpollard@idetica.com","phone":"+1 (980) 535-3640","address":"791 Winthrop Street, Kenwood, Vermont, 7154","account_ending":"7537","name":"Mr. Miller Pollard"}
{"email":"serranogray@autograte.com","phone":"+1 (868) 455-3355","address":"276 Knight Court, Cochranville, Maryland, 9721","account_ending":"6836","name":"Mr. Serrano Gray"}
{"email":"workmanglass@pivitol.com","phone":"+1 (810) 480-2495","address":"842 Trucklemans Lane, Helen, Georgia, 5321","account_ending":"8059","name":"Mr. Workman Glass"}
{"email":"bateschambers@isodrive.com","phone":"+1 (903) 484-2485","address":"649 Vernon Avenue, Odessa, Arkansas, 4299","account_ending":"8367","name":"Mr. Bates Chambers"}
{"email":"beckermoses@vetron.com","phone":"+1 (859) 406-3148","address":"170 Nova Court, Guthrie, Oregon, 688","account_ending":"0360","name":"Mr. Becker Moses"}
{"email":"marjoriebeard@comvoy.com","phone":"+1 (965) 546-3942","address":"723 Ryder Street, Evergreen, Washington, 6714","account_ending":"5507","name":"Miss Marjorie Beard"}
{"email":"lucyoconnor@insurety.com","phone":"+1 (891) 544-3924","address":"987 Stoddard Place, Edgar, Illinois, 3684","account_ending":"7953","name":"Miss Lucy Oconnor"}
{"email":"elsareeves@caxt.com","phone":"+1 (960) 409-2937","address":"168 Everit Street, Hall, Puerto Rico, 6179","account_ending":"6448","name":"Miss Elsa Reeves"}
{"email":"barrerapotter@naxdis.com","phone":"+1 (969) 498-2182","address":"389 Chauncey Street, Wanamie, Indiana, 3063","account_ending":"4010","name":"Mr. Barrera Potter"}
{"email":"francorose@calcula.com","phone":"+1 (900) 500-2479","address":"963 Columbus Place, Nadine, Virginia, 1730","account_ending":"8199","name":"Mr. Franco Rose"}
{"email":"michaelpetty@eargo.com","phone":"+1 (859) 561-2873","address":"477 Regent Place, Connerton, Tennessee, 2974","account_ending":"5743","name":"Miss Michael Petty"}
{"email":"phelpssolomon@sarasonic.com","phone":"+1 (863) 576-2063","address":"538 Christopher Avenue, Coleville, Mississippi, 6316","account_ending":"4525","name":"Mr. Phelps Solomon"}
{"email":"merritthernandez@hotcakes.com","phone":"+1 (813) 498-3096","address":"224 Frank Court, Wikieup, Oklahoma, 7741","account_ending":"6098","name":"Mr. Merritt Hernandez"}
{"email":"dawsonrodriguez@xth.com","phone":"+1 (934) 589-2544","address":"171 Horace Court, Worcester, American Samoa, 9494","account_ending":"1886","name":"Mr. Dawson Rodriguez"}
{"email":"clayrodriquez@capscreen.com","phone":"+1 (970) 566-2400","address":"792 Montgomery Street, Drytown, Missouri, 567","account_ending":"0323","name":"Mr. Clay Rodriquez"}
{"email":"alvaradoblack@sultraxin.com","phone":"+1 (951) 464-2692","address":"486 Dearborn Court, Brethren, Nebraska, 9799","account_ending":"8763","name":"Mr. Alvarado Black"}
{"email":"kelseyreese@obliq.com","phone":"+1 (829) 414-2037","address":"790 Sunnyside Avenue, Madrid, Alaska, 5335","account_ending":"6055","name":"Miss Kelsey Reese"}
{"email":"gillespiemaynard@digigene.com","phone":"+1 (901) 431-3910","address":"619 Murdock Court, Hickory, Vermont, 8862","account_ending":"8795","name":"Mr. Gillespie Maynard"}
{"email":"alexanderbranch@viagrand.com","phone":"+1 (836) 440-2651","address":"920 Kay Court, Jacksonburg, Maryland, 3884","account_ending":"0286","name":"Mr. Alexander Branch"}
{"email":"tamekaserrano@datagen.com","phone":"+1 (923) 473-2052","address":"685 Lexington Avenue, Bartley, Michigan, 7212","account_ending":"6144","name":"Miss Tameka Serrano"}
{"email":"janismayo@xyqag.com","phone":"+1 (980) 514-2051","address":"553 Gerritsen Avenue, Cliffside, Kentucky, 2937","account_ending":"2443","name":"Miss Janis Mayo"}
{"email":"petralucas@atgen.com","phone":"+1 (914) 503-3681","address":"800 Rogers Avenue, Succasunna, Washington, 7745","account_ending":"6038","name":"Miss Petra Lucas"}
{"email":"clarissadalton@zoinage.com","phone":"+1 (826) 432-3055","address":"516 Bowne Street, Vernon, Texas, 4203","account_ending":"9569","name":"Miss Clarissa Dalton"}
{"email":"flynnbuckley@zillan.com","phone":"+1 (826) 455-2462","address":"644 Bokee Court, Vienna, Indiana, 8081","account_ending":"0310","name":"Mr. Flynn Buckley"}
{"email":"emilylogan@bicol.com","phone":"+1 (801) 498-3785","address":"247 Harrison Avenue, Slovan, Arizona, 9751","account_ending":"0474","name":"Miss Emily Logan"}
{"email":"bertafrederick@deepends.com","phone":"+1 (860) 568-2409","address":"180 Brighton Avenue, Grapeview, Oklahoma, 4721","account_ending":"7033","name":"Miss Berta Frederick"}
{"email":"currymalone@satiance.com","phone":"+1 (996) 516-2348","address":"807 Debevoise Street, Salvo, Nevada, 686","account_ending":"1359","name":"Mr. Curry Malone"}
{"email":"frazierbentley@medalert.com","phone":"+1 (831) 402-2786","address":"753 Taaffe Place, Denio, New Mexico, 9970","account_ending":"5023","name":"Mr. Frazier Bentley"}
{"email":"bullockmitchell@dadabase.com","phone":"+1 (838) 559-2692","address":"936 Ridgecrest Terrace, Beason, Missouri, 8126","account_ending":"4762","name":"Mr. Bullock Mitchell"}
{"email":"mercerking@voipa.com","phone":"+1 (927) 454-2038","address":"642 Rost Place, Salunga, Massachusetts, 322","account_ending":"5329","name":"Mr. Mercer King"}
{"email":"hardinbenton@lingoage.com","phone":"+1 (810) 578-2475","address":"478 Post Court, Brownlee, New Hampshire, 9958","account_ending":"0546","name":"Mr. Hardin Benton"}
{"email":"blackwellmoss@solgan.com","phone":"+1 (826) 474-3381","address":"885 Lefferts Avenue, Southmont, Nebraska, 4305","account_ending":"3348","name":"Mr. Blackwell Moss"}
{"email":"chelseaprice@neocent.com","phone":"+1 (994) 426-3909","address":"770 Bevy Court, Roy, Wyoming, 1102","account_ending":"4958","name":"Miss Chelsea Price"}
{"email":"reedpierce@overplex.com","phone":"+1 (871) 487-2552","address":"783 Eldert Street, Chical, Florida, 2117","account_ending":"7417","name":"Mr. Reed Pierce"}
{"email":"boltonholcomb@polaria.com","phone":"+1 (827) 526-2943","address":"107 Eckford Street, Bladensburg, Delaware, 2318","account_ending":"7320","name":"Mr. Bolton Holcomb"}
{"email":"esmeraldahaley@ultrimax.com","phone":"+1 (907) 452-3807","address":"951 Landis Court, Wildwood, Kansas, 4963","account_ending":"2026","name":"Miss Esmeralda Haley"}
{"email":"candacegraham@dentrex.com","phone":"+1 (926) 497-3868","address":"975 Orient Avenue, Roland, Ohio, 6486","account_ending":"0756","name":"Miss Candace Graham"}
{"email":"kentbowers@applica.com","phone":"+1 (869) 599-2473","address":"103 McClancy Place, Ezel, Oregon, 9552","account_ending":"0961","name":"Mr. Kent Bowers"}
{"email":"wendibattle@primordia.com","phone":"+1 (956) 442-3236","address":"746 Tillary Street, Dupuyer, Louisiana, 2390","account_ending":"0193","name":"Miss Wendi Battle"}
{"email":"richmondwhitehead@remold.com","phone":"+1 (822) 500-2299","address":"763 Eastern Parkway, Fairforest, Washington, 5256","account_ending":"2529","name":"Mr. Richmond Whitehead"}
{"email":"wilderbonner@anacho.com","phone":"+1 (930) 522-3597","address":"724 Meeker Avenue, Sultana, South Carolina, 5917","account_ending":"9490","name":"Mr. Wilder Bonner"}
{"email":"shawsanders@rodeocean.com","phone":"+1 (935) 409-2652","address":"915 Kings Place, Eagleville, Virginia, 1148","account_ending":"7226","name":"Mr. Shaw Sanders"}
{"email":"larareed@megall.com","phone":"+1 (888) 573-2457","address":"492 Monaco Place, Nogal, Mississippi, 6993","account_ending":"9211","name":"Miss Lara Reed"}
{"email":"tatemccray@zinca.com","phone":"+1 (849) 405-2584","address":"337 Barlow Drive, Innsbrook, Guam, 9756","account_ending":"5067","name":"Mr. Tate Mccray"}
{"email":"jewelgarrison@gronk.com","phone":"+1 (997) 409-3626","address":"765 Bowery Street, Wauhillau, Alabama, 6594","account_ending":"5737","name":"Miss Jewel Garrison"}
{"email":"baileyfuentes@kenegy.com","phone":"+1 (943) 483-3819","address":"976 Amber Street, Jenkinsville, North Carolina, 7537","account_ending":"7925","name":"Mr. Bailey Fuentes"}
{"email":"owenfrank@premiant.com","phone":"+1 (890) 460-3599","address":"554 Chester Avenue, Watchtower, Northern Mariana Islands, 5669","account_ending":"2148","name":"Mr. Owen Frank"}
{"email":"sophiaavery@jasper.com","phone":"+1 (828) 400-3170","address":"552 Kossuth Place, Jessie, Alaska, 128","account_ending":"5599","name":"Miss Sophia Avery"}
{"email":"riosclayton@zenolux.com","phone":"+1 (881) 424-2892","address":"761 Perry Place, Faxon, District Of Columbia, 4267","account_ending":"5683","name":"Mr. Rios Clayton"}
{"email":"tashacoffey@kiosk.com","phone":"+1 (923) 452-2836","address":"767 Varick Street, Robinette, Utah, 4812","account_ending":"4275","name":"Miss Tasha Coffey"}
{"email":"sharonmartin@lunchpad.com","phone":"+1 (943) 576-2586","address":"230 Times Placez, Carlton, Washington, 9693","account_ending":"4943","name":"Miss Sharon Martin"}
{"email":"cochranbutler@aquasseur.com","phone":"+1 (942) 444-3919","address":"469 Conklin Avenue, Berwind, Illinois, 8161","account_ending":"7726","name":"Mr. Cochran Butler"}
{"email":"tonipittman@cosmetex.com","phone":"+1 (913) 594-3753","address":"304 Hampton Avenue, Noblestown, Puerto Rico, 5856","account_ending":"1324","name":"Miss Toni Pittman"}
{"email":"espinozadaugherty@danja.com","phone":"+1 (927) 555-2489","address":"600 Fane Court, Springdale, Palau, 5341","account_ending":"9350","name":"Mr. Espinoza Daugherty"}
{"email":"lilynguyen@franscene.com","phone":"+1 (881) 513-3677","address":"220 Ryerson Street, Snelling, Virginia, 3321","account_ending":"0243","name":"Miss Lily Nguyen"}
{"email":"vegatanner@andershun.com","phone":"+1 (916) 531-2781","address":"180 Creamer Street, Juarez, Marshall Islands, 7745","account_ending":"2038","name":"Mr. Vega Tanner"}
{"email":"lawandalindsay@noralex.com","phone":"+1 (898) 578-2852","address":"316 Foster Avenue, Temperanceville, Missouri, 4641","account_ending":"6842","name":"Miss Lawanda Lindsay"}
{"email":"jannieharrington@blurrybus.com","phone":"+1 (831) 593-2797","address":"888 Richardson Street, Faywood, Nebraska, 3569","account_ending":"4888","name":"Miss Jannie Harrington"}
{"email":"warrensampson@rodeomad.com","phone":"+1 (908) 567-3329","address":"919 Melrose Street, Cartwright, Northern Mariana Islands, 6241","account_ending":"9768","name":"Mr. Warren Sampson"}
{"email":"loweboyd@squish.com","phone":"+1 (962) 497-2905","address":"342 Gates Avenue, Urbana, Wyoming, 2680","account_ending":"0097","name":"Mr. Lowe Boyd"}
{"email":"ednabriggs@moltonic.com","phone":"+1 (970) 538-4000","address":"534 Stuyvesant Avenue, Tilleda, Alaska, 7458","account_ending":"0870","name":"Miss Edna Briggs"}
{"email":"mcguirerosales@polarax.com","phone":"+1 (977) 526-2344","address":"788 Grove Street, Wright, Rhode Island, 8289","account_ending":"8871","name":"Mr. Mcguire Rosales"}
{"email":"cobborr@quilch.com","phone":"+1 (816) 480-3120","address":"413 Raleigh Place, Kidder, Arkansas, 1354","account_ending":"4971","name":"Mr. Cobb Orr"}
{"email":"suesears@indexia.com","phone":"+1 (914) 405-3244","address":"651 Howard Place, Williamson, Minnesota, 7288","account_ending":"1105","name":"Miss Sue Sears"}
{"email":"woodardatkinson@keengen.com","phone":"+1 (932) 456-3392","address":"832 Clove Road, Shawmut, Illinois, 7577","account_ending":"1070","name":"Mr. Woodard Atkinson"}
{"email":"mendozaklein@omnigog.com","phone":"+1 (852) 495-2409","address":"878 Dank Court, Inkerman, California, 6600","account_ending":"4050","name":"Mr. Mendoza Klein"}
{"email":"willacervantes@eschoir.com","phone":"+1 (998) 407-2013","address":"968 Bradford Street, Weedville, New Mexico, 7353","account_ending":"8360","name":"Miss Willa Cervantes"}
{"email":"sextonfinch@podunk.com","phone":"+1 (803) 499-3734","address":"491 Brevoort Place, Camino, North Dakota, 7527","account_ending":"0573","name":"Mr. Sexton Finch"}
{"email":"perezdoyle@comtours.com","phone":"+1 (844) 477-2435","address":"863 Schenectady Avenue, Weeksville, Hawaii, 7529","account_ending":"9557","name":"Mr. Perez Doyle"}
{"email":"stanleymoon@tetratrex.com","phone":"+1 (959) 572-3662","address":"444 Canton Court, Alafaya, Delaware, 2269","account_ending":"1290","name":"Mr. Stanley Moon"}
{"email":"sabrinahouse@zerbina.com","phone":"+1 (955) 578-3576","address":"229 Amboy Street, Summerset, District Of Columbia, 2430","account_ending":"9048","name":"Miss Sabrina House"}
{"email":"merlesantos@locazone.com","phone":"+1 (892) 450-3950","address":"896 Montgomery Place, Fingerville, Ohio, 589","account_ending":"9909","name":"Miss Merle Santos"}
{"email":"velmaosborne@maineland.com","phone":"+1 (926) 505-3064","address":"651 Ivan Court, Glenville, Arkansas, 4685","account_ending":"4706","name":"Miss Velma Osborne"}
{"email":"coffeychristensen@snips.com","phone":"+1 (993) 400-2676","address":"126 Williamsburg Street, Chamberino, Oregon, 7171","account_ending":"4624","name":"Mr. Coffey Christensen"}
{"email":"ruizallison@retrack.com","phone":"+1 (994) 503-2088","address":"994 Tapscott Street, Eastvale, Wisconsin, 3036","account_ending":"7258","name":"Mr. Ruiz Allison"}
{"email":"irwinbarlow@limozen.com","phone":"+1 (810) 507-2787","address":"175 Ocean Parkway, Irwin, Texas, 5871","account_ending":"6170","name":"Mr. Irwin Barlow"}
{"email":"randivalentine@interloo.com","phone":"+1 (845) 555-3960","address":"383 Wallabout Street, Gorst, Illinois, 6705","account_ending":"9917","name":"Miss Randi Valentine"}
{"email":"gaypuckett@daido.com","phone":"+1 (872) 532-2026","address":"176 Cooper Street, Venice, Puerto Rico, 9014","account_ending":"6499","name":"Mr. Gay Puckett"}
{"email":"hurstshelton@delphide.com","phone":"+1 (886) 419-3213","address":"916 Frost Street, Movico, Palau, 1910","account_ending":"8940","name":"Mr. Hurst Shelton"}
{"email":"robbierivas@proxsoft.com","phone":"+1 (924) 543-3834","address":"545 Utica Avenue, Edenburg, Iowa, 4184","account_ending":"0989","name":"Miss Robbie Rivas"}
{"email":"nelljenkins@comvey.com","phone":"+1 (853) 442-2419","address":"258 Whitwell Place, Lindcove, Indiana, 846","account_ending":"9983","name":"Miss Nell Jenkins"}
{"email":"antoinettehubbard@zogak.com","phone":"+1 (877) 427-2836","address":"657 Locust Avenue, Soudan, Arizona, 812","account_ending":"6666","name":"Miss Antoinette Hubbard"}
{"email":"stefaniehancock@cofine.com","phone":"+1 (860) 503-2938","address":"306 Newel Street, Ronco, New York, 9084","account_ending":"3239","name":"Miss Stefanie Hancock"}
{"email":"finchbuck@combogen.com","phone":"+1 (860) 408-3058","address":"373 Oceanic Avenue, Deseret, Colorado, 9265","account_ending":"5729","name":"Mr. Finch Buck"}
{"email":"mcclaingregory@magneato.com","phone":"+1 (891) 581-3056","address":"842 Broome Street, Spokane, Guam, 5179","account_ending":"6210","name":"Mr. Mcclain Gregory"}
{"email":"meadowsmacias@zaggles.com","phone":"+1 (855) 473-3227","address":"719 Thornton Street, Topanga, Virgin Islands, 3012","account_ending":"1958","name":"Mr. Meadows Macias"}
{"email":"nixonspencer@remotion.com","phone":"+1 (823) 593-2366","address":"744 Osborn Street, Lisco, South Dakota, 7713","account_ending":"7158","name":"Mr. Nixon Spencer"}
{"email":"jimmiethomas@qot.com","phone":"+1 (854) 598-3534","address":"575 Dinsmore Place, Elwood, Northern Mariana Islands, 6217","account_ending":"4790","name":"Miss Jimmie Thomas"}
{"email":"barbernieves@centice.com","phone":"+1 (996) 452-3520","address":"651 Varick Avenue, Savage, North Dakota, 5640","account_ending":"5764","name":"Mr. Barber Nieves"}
{"email":"parkerhaynes@eyewax.com","phone":"+1 (838) 497-2589","address":"302 Ludlam Place, Loma, District Of Columbia, 9664","account_ending":"5208","name":"Mr. Parker Haynes"}
{"email":"pollardfitzpatrick@bitendrex.com","phone":"+1 (826) 410-3046","address":"288 Joralemon Street, Longoria, Minnesota, 8735","account_ending":"3888","name":"Mr. Pollard Fitzpatrick"}
{"email":"catherinemclaughlin@quailcom.com","phone":"+1 (983) 493-2830","address":"404 Revere Place, Caberfae, Texas, 5519","account_ending":"9718","name":"Miss Catherine Mclaughlin"}
{"email":"livingstonpace@comtent.com","phone":"+1 (839) 416-3614","address":"632 Hawthorne Street, Imperial, South Carolina, 2858","account_ending":"7742","name":"Mr. Livingston Pace"}
{"email":"wardsharpe@corecom.com","phone":"+1 (836) 574-2764","address":"922 Woods Place, Chemung, Indiana, 7769","account_ending":"8984","name":"Mr. Ward Sharpe"}
{"email":"imogenezimmerman@animalia.com","phone":"+1 (836) 581-2736","address":"890 Malta Street, Buxton, Massachusetts, 8998","account_ending":"8274","name":"Miss Imogene Zimmerman"}
{"email":"marquezlarson@skybold.com","phone":"+1 (962) 575-2907","address":"474 Strauss Street, Websterville, South Dakota, 7282","account_ending":"3039","name":"Mr. Marquez Larson"}
{"email":"nancykane@dreamia.com","phone":"+1 (936) 486-3141","address":"844 Corbin Place, Deltaville, Maryland, 1540","account_ending":"8873","name":"Miss Nancy Kane"}
{"email":"kaylacollier@mediot.com","phone":"+1 (882) 536-3861","address":"358 Brooklyn Road, Oley, Federated States Of Micronesia, 5123","account_ending":"9043","name":"Miss Kayla Collier"}
{"email":"angelicahurley@geeknet.com","phone":"+1 (892) 471-2934","address":"890 Vandalia Avenue, Benson, Rhode Island, 9837","account_ending":"7078","name":"Miss Angelica Hurley"}
{"email":"charitywalker@genesynk.com","phone":"+1 (888) 525-2413","address":"718 Fair Street, Herald, Oregon, 7004","account_ending":"2464","name":"Miss Charity Walker"}
{"email":"nataliawells@photobin.com","phone":"+1 (920) 474-3322","address":"830 President Street, Orick, South Carolina, 4845","account_ending":"6209","name":"Miss Natalia Wells"}
{"email":"shelbyweber@bleendot.com","phone":"+1 (842) 581-3506","address":"279 Chapel Street, Carbonville, Illinois, 9921","account_ending":"0929","name":"Miss Shelby Weber"}
{"email":"colleendodson@extragene.com","phone":"+1 (853) 416-3921","address":"251 Highland Boulevard, Hachita, Tennessee, 595","account_ending":"0014","name":"Miss Colleen Dodson"}
{"email":"bushcoleman@surelogic.com","phone":"+1 (858) 450-2916","address":"550 Balfour Place, Fannett, Mississippi, 5404","account_ending":"5278","name":"Mr. Bush Coleman"}
{"email":"hollyhess@lunchpod.com","phone":"+1 (908) 479-3123","address":"660 Williams Court, Lund, Colorado, 9392","account_ending":"5327","name":"Miss Holly Hess"}
{"email":"maetownsend@imperium.com","phone":"+1 (902) 540-3931","address":"278 Albee Square, Snyderville, New Jersey, 4587","account_ending":"8578","name":"Miss Mae Townsend"}
{"email":"lenorablevins@zensor.com","phone":"+1 (903) 522-3220","address":"879 Humboldt Street, Ola, Virgin Islands, 6973","account_ending":"4860","name":"Miss Lenora Blevins"}
{"email":"valentinehamilton@enormo.com","phone":"+1 (833) 588-2308","address":"138 Saratoga Avenue, Fivepointville, Nebraska, 7483","account_ending":"6543","name":"Mr. Valentine Hamilton"}
{"email":"rosellaespinoza@fuelton.com","phone":"+1 (805) 530-3056","address":"883 Remsen Avenue, Groveville, North Carolina, 5312","account_ending":"2483","name":"Miss Rosella Espinoza"}
{"email":"deannjackson@valpreal.com","phone":"+1 (859) 413-3379","address":"651 Jackson Street, Logan, Northern Mariana Islands, 5997","account_ending":"0410","name":"Miss Deann Jackson"}
{"email":"rosettarocha@insectus.com","phone":"+1 (854) 532-3061","address":"248 Sands Street, Williston, Florida, 1164","account_ending":"8586","name":"Miss Rosetta Rocha"}
{"email":"myrnawhitfield@centrexin.com","phone":"+1 (837) 598-2297","address":"580 Agate Court, Ellerslie, Kentucky, 4159","account_ending":"5863","name":"Miss Myrna Whitfield"}
{"email":"courtneycruz@zuvy.com","phone":"+1 (962) 438-2501","address":"798 Gain Court, Villarreal, Georgia, 6393","account_ending":"4673","name":"Miss Courtney Cruz"}
{"email":"leannepatterson@illumity.com","phone":"+1 (909) 523-2253","address":"987 Gunnison Court, Dana, Ohio, 2021","account_ending":"4742","name":"Miss Leanne Patterson"}
{"email":"marvagonzalez@pearlessa.com","phone":"+1 (876) 415-2926","address":"369 Lincoln Road, Smeltertown, Arkansas, 1809","account_ending":"6120","name":"Miss Marva Gonzalez"}
{"email":"blevinssheppard@ecraze.com","phone":"+1 (834) 414-2826","address":"973 Herkimer Court, Ogema, Washington, 3124","account_ending":"9848","name":"Mr. Blevins Sheppard"}
{"email":"nitadejesus@fleetmix.com","phone":"+1 (901) 461-2174","address":"472 Elton Street, Grayhawk, Texas, 6558","account_ending":"5336","name":"Miss Nita Dejesus"}
{"email":"benjaminmcintosh@isoternia.com","phone":"+1 (997) 420-2096","address":"234 Lloyd Court, Golconda, Pennsylvania, 5220","account_ending":"3343","name":"Mr. Benjamin Mcintosh"}
{"email":"garciadecker@portalis.com","phone":"+1 (825) 488-2871","address":"598 Bartlett Street, Chamizal, Puerto Rico, 3439","account_ending":"1802","name":"Mr. Garcia Decker"}
{"email":"clairewilliams@interfind.com","phone":"+1 (913) 508-2532","address":"470 Oxford Walk, Allentown, Tennessee, 3720","account_ending":"9909","name":"Miss Claire Williams"}
{"email":"mortonknox@silodyne.com","phone":"+1 (908) 546-3526","address":"605 Taylor Street, Suitland, Mississippi, 2956","account_ending":"2882","name":"Mr. Morton Knox"}
{"email":"minnieglover@straloy.com","phone":"+1 (904) 429-3793","address":"599 Beekman Place, Unionville, Alabama, 8459","account_ending":"7875","name":"Miss Minnie Glover"}
{"email":"ramonamerrill@mobildata.com","phone":"+1 (968) 589-3869","address":"868 Hunts Lane, Zeba, Wyoming, 301","account_ending":"1113","name":"Miss Ramona Merrill"}
{"email":"chericohen@comtrail.com","phone":"+1 (941) 567-3246","address":"708 Lawrence Street, Eagletown, Florida, 6251","account_ending":"7213","name":"Miss Cheri Cohen"}
{"email":"slaterhorton@gynk.com","phone":"+1 (879) 416-3019","address":"312 Ford Street, Genoa, Delaware, 8419","account_ending":"0684","name":"Mr. Slater Horton"}
{"email":"strongzamora@pasturia.com","phone":"+1 (955) 468-2676","address":"805 Lombardy Street, Barclay, Alaska, 544","account_ending":"7896","name":"Mr. Strong Zamora"}
{"email":"ericacunningham@euron.com","phone":"+1 (960) 596-3486","address":"253 Lefferts Place, Noxen, Kentucky, 4856","account_ending":"9324","name":"Miss Erica Cunningham"}
{"email":"cindymcconnell@digitalus.com","phone":"+1 (801) 434-2354","address":"531 Arion Place, Stockwell, Utah, 4267","account_ending":"8320","name":"Miss Cindy Mcconnell"}
{"email":"mildredanthony@zedalis.com","phone":"+1 (819) 495-2809","address":"596 Croton Loop, Hannasville, Wisconsin, 1577","account_ending":"2682","name":"Miss Mildred Anthony"}
{"email":"rivasgutierrez@colaire.com","phone":"+1 (864) 429-2343","address":"971 Baltic Street, Maury, Pennsylvania, 4278","account_ending":"4675","name":"Mr. Rivas Gutierrez"}
{"email":"bucknermorales@tropolis.com","phone":"+1 (916) 595-3055","address":"775 Guernsey Street, Broadlands, Arizona, 9178","account_ending":"9166","name":"Mr. Buckner Morales"}
{"email":"normadelacruz@isonus.com","phone":"+1 (900) 552-3553","address":"960 Bergen Court, Garnet, Colorado, 3523","account_ending":"5282","name":"Miss Norma Delacruz"}
{"email":"raqueltyler@marqet.com","phone":"+1 (916) 581-2435","address":"198 Prospect Place, Basye, Guam, 6708","account_ending":"2050","name":"Miss Raquel Tyler"}
{"email":"shaffersharp@mixers.com","phone":"+1 (906) 536-3153","address":"173 Clark Street, Northridge, American Samoa, 8589","account_ending":"3686","name":"Mr. Shaffer Sharp"}
{"email":"clarepage@codact.com","phone":"+1 (808) 414-2796","address":"142 Adelphi Street, Sunriver, Virgin Islands, 9000","account_ending":"5196","name":"Miss Clare Page"}
{"email":"jenningsduncan@zaya.com","phone":"+1 (957) 591-3848","address":"647 George Street, Delwood, Nebraska, 5929","account_ending":"7722","name":"Mr. Jennings Duncan"}
{"email":"nelsonmurphy@makingway.com","phone":"+1 (995) 457-2954","address":"530 Devon Avenue, Bethpage, Northern Mariana Islands, 2652","account_ending":"5022","name":"Mr. Nelson Murphy"}
{"email":"nicholsonvargas@zillacom.com","phone":"+1 (832) 581-3295","address":"413 Ridge Boulevard, Cavalero, North Dakota, 7747","account_ending":"8875","name":"Mr. Nicholson Vargas"}
{"email":"faulknerbooker@quantalia.com","phone":"+1 (888) 414-3259","address":"709 Hull Street, Chesterfield, Montana, 7527","account_ending":"2894","name":"Mr. Faulkner Booker"}
{"email":"jensenwood@poshome.com","phone":"+1 (946) 419-2658","address":"755 Alice Court, Lloyd, Florida, 158","account_ending":"8071","name":"Mr. Jensen Wood"}
{"email":"maigates@nipaz.com","phone":"+1 (979) 553-3635","address":"860 Broadway , Beyerville, Federated States Of Micronesia, 937","account_ending":"7895","name":"Miss Mai Gates"}
{"email":"piercepalmer@fuelworks.com","phone":"+1 (880) 478-2661","address":"772 Pooles Lane, Bourg, Arkansas, 5948","account_ending":"1262","name":"Mr. Pierce Palmer"}
{"email":"francineelliott@genmy.com","phone":"+1 (880) 427-2241","address":"326 Hillel Place, Reinerton, Rhode Island, 7298","account_ending":"9256","name":"Miss Francine Elliott"}
{"email":"virginiahorn@xixan.com","phone":"+1 (964) 446-3447","address":"496 Minna Street, Maxville, Washington, 155","account_ending":"7988","name":"Miss Virginia Horn"}
{"email":"burgessmendez@enthaze.com","phone":"+1 (940) 568-3250","address":"154 Hornell Loop, Colton, Wisconsin, 4904","account_ending":"4491","name":"Mr. Burgess Mendez"}
{"email":"wilkinsonlara@zenco.com","phone":"+1 (923) 526-2249","address":"403 Bryant Street, Turah, Pennsylvania, 7045","account_ending":"2861","name":"Mr. Wilkinson Lara"}
{"email":"westterrell@quilm.com","phone":"+1 (981) 577-3771","address":"413 Hopkins Street, Gordon, Puerto Rico, 8507","account_ending":"6116","name":"Mr. West Terrell"}
{"email":"inescurry@ludak.com","phone":"+1 (854) 542-2582","address":"491 Elmwood Avenue, Waterford, Indiana, 5803","account_ending":"0087","name":"Miss Ines Curry"}
{"email":"harrisbaker@genekom.com","phone":"+1 (935) 553-3194","address":"403 Gelston Avenue, Clinton, Oklahoma, 675","account_ending":"0264","name":"Mr. Harris Baker"}
{"email":"juliettebenjamin@nurplex.com","phone":"+1 (938) 443-3129","address":"158 Bijou Avenue, Teasdale, New Jersey, 9420","account_ending":"1541","name":"Miss Juliette Benjamin"}
{"email":"claricecastillo@kengen.com","phone":"+1 (991) 500-3781","address":"826 Mill Street, Shrewsbury, Virgin Islands, 4567","account_ending":"1928","name":"Miss Clarice Castillo"}
{"email":"hattieweeks@inrt.com","phone":"+1 (923) 539-2215","address":"329 Wakeman Place, Oceola, New Hampshire, 6141","account_ending":"2662","name":"Miss Hattie Weeks"}
{"email":"salinaswaller@cosmosis.com","phone":"+1 (914) 435-2507","address":"200 Surf Avenue, Mappsville, North Carolina, 1016","account_ending":"9918","name":"Mr. Salinas Waller"}
{"email":"herreraholder@plasto.com","phone":"+1 (992) 461-3953","address":"850 Union Avenue, Delshire, Michigan, 8093","account_ending":"7301","name":"Mr. Herrera Holder"}
{"email":"howefulton@pyramia.com","phone":"+1 (870) 420-2051","address":"977 Cobek Court, Freelandville, Maryland, 5430","account_ending":"8977","name":"Mr. Howe Fulton"}
{"email":"debraflowers@quotezart.com","phone":"+1 (836) 518-2601","address":"875 Madison Street, Darbydale, Kansas, 4007","account_ending":"4440","name":"Miss Debra Flowers"}
{"email":"hensleyryan@centuria.com","phone":"+1 (981) 600-3379","address":"153 Beayer Place, Twilight, Minnesota, 125","account_ending":"8804","name":"Mr. Hensley Ryan"}
{"email":"branchnorman@sloganaut.com","phone":"+1 (902) 471-2391","address":"464 Crosby Avenue, Gilgo, Wisconsin, 8422","account_ending":"3484","name":"Mr. Branch Norman"}
{"email":"weeksharris@metroz.com","phone":"+1 (981) 582-3695","address":"907 Boardwalk , Lumberton, Texas, 7693","account_ending":"1591","name":"Mr. Weeks Harris"}
{"email":"mitzikaufman@neurocell.com","phone":"+1 (933) 426-2716","address":"785 Lott Avenue, Tampico, Illinois, 4187","account_ending":"5967","name":"Miss Mitzi Kaufman"}
{"email":"mattierobertson@fanfare.com","phone":"+1 (822) 557-2834","address":"731 Ridge Court, Robbins, Puerto Rico, 4995","account_ending":"2222","name":"Miss Mattie Robertson"}
{"email":"kittyprince@zensus.com","phone":"+1 (975) 447-3763","address":"780 Woodhull Street, Freetown, Arizona, 4013","account_ending":"6912","name":"Miss Kitty Prince"}
{"email":"perkinsoneil@envire.com","phone":"+1 (959) 420-2339","address":"343 Schenck Court, Waukeenah, Tennessee, 3743","account_ending":"7299","name":"Mr. Perkins Oneil"}
{"email":"adrianflynn@equitax.com","phone":"+1 (889) 526-3437","address":"295 Butler Place, Lemoyne, New Jersey, 6455","account_ending":"0065","name":"Miss Adrian Flynn"}
{"email":"masseyhooper@cablam.com","phone":"+1 (898) 442-2975","address":"740 Provost Street, Hegins, Nevada, 2048","account_ending":"7159","name":"Mr. Massey Hooper"}
{"email":"vickipearson@enomen.com","phone":"+1 (854) 494-3982","address":"402 Woodpoint Road, Gracey, Massachusetts, 4393","account_ending":"0042","name":"Miss Vicki Pearson"}
{"email":"mariemontoya@equicom.com","phone":"+1 (814) 557-2815","address":"338 Evergreen Avenue, Cliff, South Dakota, 9111","account_ending":"8840","name":"Miss Marie Montoya"}
{"email":"tishashepard@signidyne.com","phone":"+1 (943) 529-2235","address":"123 Railroad Avenue, Roosevelt, Alabama, 5136","account_ending":"6229","name":"Miss Tisha Shepard"}
{"email":"mistybender@furnigeer.com","phone":"+1 (867) 426-3605","address":"124 Waldane Court, Corinne, Wyoming, 4301","account_ending":"0289","name":"Miss Misty Bender"}
{"email":"arnoldcross@inventure.com","phone":"+1 (904) 450-2044","address":"795 Fleet Street, Skyland, Vermont, 5388","account_ending":"4650","name":"Mr. Arnold Cross"}
{"email":"marcymeyer@glukgluk.com","phone":"+1 (945) 405-2089","address":"611 Glendale Court, Jennings, Texas, 8713","account_ending":"2584","name":"Miss Marcy Meyer"}
{"email":"stephensontalley@kineticut.com","phone":"+1 (943) 422-3341","address":"931 Sunnyside Court, Lacomb, South Carolina, 5340","account_ending":"3203","name":"Mr. Stephenson Talley"}
{"email":"wallacecash@zolavo.com","phone":"+1 (915) 561-2868","address":"274 Pilling Street, Nile, Indiana, 3970","account_ending":"4853","name":"Mr. Wallace Cash"}
{"email":"orrharrison@renovize.com","phone":"+1 (923) 458-3224","address":"506 Shale Street, Winston, Arizona, 6687","account_ending":"6976","name":"Mr. Orr Harrison"}
{"email":"ingramshields@qaboos.com","phone":"+1 (952) 444-2762","address":"925 Indiana Place, Dixie, Tennessee, 5443","account_ending":"1841","name":"Mr. Ingram Shields"}
{"email":"dillardferguson@puria.com","phone":"+1 (989) 564-2910","address":"272 Overbaugh Place, Fairview, Colorado, 4174","account_ending":"9117","name":"Mr. Dillard Ferguson"}
{"email":"bettyduffy@macronaut.com","phone":"+1 (915) 535-3411","address":"181 Berkeley Place, Gratton, New Jersey, 5716","account_ending":"4477","name":"Miss Betty Duffy"}
{"email":"wintersgilmore@xylar.com","phone":"+1 (929) 461-3620","address":"620 Pershing Loop, Bluetown, Missouri, 3221","account_ending":"6686","name":"Mr. Winters Gilmore"}
{"email":"woodwardvincent@snorus.com","phone":"+1 (988) 475-2169","address":"907 Kathleen Court, Croom, Massachusetts, 9510","account_ending":"7088","name":"Mr. Woodward Vincent"}
{"email":"crawfordhensley@viagreat.com","phone":"+1 (983) 457-3340","address":"128 Story Street, Caroline, North Carolina, 503","account_ending":"2512","name":"Mr. Crawford Hensley"}
{"email":"vangvillarreal@ontagene.com","phone":"+1 (903) 520-2938","address":"210 Bergen Street, Bannock, Idaho, 659","account_ending":"6143","name":"Mr. Vang Villarreal"}
{"email":"thomaserickson@sensate.com","phone":"+1 (894) 433-3831","address":"743 Visitation Place, Hendersonville, Alaska, 7538","account_ending":"1720","name":"Mr. Thomas Erickson"}
{"email":"meganmunoz@nspire.com","phone":"+1 (921) 496-3607","address":"507 Cox Place, Bennett, District Of Columbia, 3850","account_ending":"9157","name":"Miss Megan Munoz"}
{"email":"gracevinson@plasmox.com","phone":"+1 (918) 487-3808","address":"472 Lamont Court, Bawcomville, Kentucky, 975","account_ending":"4368","name":"Miss Grace Vinson"}
{"email":"millsforbes@zappix.com","phone":"+1 (849) 452-3682","address":"274 Gatling Place, Rosburg, Federated States Of Micronesia, 8416","account_ending":"0860","name":"Mr. Mills Forbes"}
{"email":"katrinasawyer@besto.com","phone":"+1 (947) 495-3488","address":"719 Havemeyer Street, Gwynn, Rhode Island, 9001","account_ending":"0034","name":"Miss Katrina Sawyer"}
{"email":"ethelolsen@geeky.com","phone":"+1 (970) 519-3361","address":"784 Virginia Place, Brewster, South Carolina, 7823","account_ending":"2548","name":"Miss Ethel Olsen"}
{"email":"janinemcgowan@bugsall.com","phone":"+1 (857) 522-2380","address":"246 Reeve Place, Jacksonwald, Virginia, 9081","account_ending":"1246","name":"Miss Janine Mcgowan"}
{"email":"hayesbeck@phuel.com","phone":"+1 (992) 414-2002","address":"277 Lewis Avenue, Matheny, Marshall Islands, 8011","account_ending":"6790","name":"Mr. Hayes Beck"}
{"email":"mckinneybradley@zolarity.com","phone":"+1 (971) 405-3715","address":"426 Plymouth Street, Orin, Mississippi, 1373","account_ending":"1765","name":"Mr. Mckinney Bradley"}
{"email":"victoriahansen@springbee.com","phone":"+1 (896) 567-2500","address":"948 Rutherford Place, Aberdeen, New Jersey, 5197","account_ending":"7541","name":"Miss Victoria Hansen"}
