{"_id":{"$oid":"59a06674c8df9f3cd2ee7d54"},"name":"Earth","type":"Terrestrial planet","orderFromSun":3.0,"radius":{"value":6378.137,"units":"km"},"mass":{"value":5.9723E+24,"units":"kg"},"sma":{"value":1.496E+08,"units":"km"},"orbitalPeriod":{"value":1.0,"units":"years"},"eccentricity":0.0167,"meanOrbitalVelocity":{"value":29.78,"units":"km/sec"},"rotationPeriod":{"value":1.0,"units":"days"},"inclinationOfAxis":{"value":23.45,"units":"degrees"},"meanTemperature":15.0,"gravity":{"value":9.8,"units":"m/s^2"},"escapeVelocity":{"value":11.18,"units":"km/sec"},"meanDensity":5.52,"atmosphericComposition":"N2+O2","numberOfMoons":1.0,"hasRings":false,"hasMagneticField":true}
{"_id":{"$oid":"59a06674c8df9f3cd2ee7d59"},"name":"Neptune","type":"Gas giant","orderFromSun":8.0,"radius":{"value":24765.0,"units":"km"},"mass":{"value":1.02413E+26,"units":"kg"},"sma":{"value":4.49506E+09,"units":"km"},"orbitalPeriod":{"value":164.79,"units":"years"},"eccentricity":0.0113,"meanOrbitalVelocity":{"value":5.43,"units":"km/sec"},"rotationPeriod":{"value":0.72,"units":"days"},"inclinationOfAxis":{"value":28.8,"units":"degrees"},"meanTemperature":-210.0,"gravity":{"value":11.15,"units":"m/s^2"},"escapeVelocity":{"value":23.5,"units":"km/sec"},"meanDensity":1.638,"atmosphericComposition":"H2+He","numberOfMoons":14.0,"hasRings":true,"hasMagneticField":true}
{"_id":{"$oid":"59a06674c8df9f3cd2ee7d58"},"name":"Uranus","type":"Gas giant","orderFromSun":7.0,"radius":{"value":25559.0,"units":"km"},"mass":{"value":8.6813E+25,"units":"kg"},"sma":{"value":2.87246E+09,"units":"km"},"orbitalPeriod":{"value":84.01,"units":"years"},"eccentricity":0.0457,"meanOrbitalVelocity":{"value":6.8,"units":"km/sec"},"rotationPeriod":{"value":0.72,"units":"days"},"inclinationOfAxis":{"value":97.77,"units":"degrees"},"meanTemperature":-200.0,"gravity":{"value":8.87,"units":"m/s^2"},"escapeVelocity":{"value":21.3,"units":"km/sec"},"meanDensity":1.271,"atmosphericComposition":"H2+He","numberOfMoons":27.0,"hasRings":true,"hasMagneticField":true}
{"_id":{"$oid":"59a06674c8df9f3cd2ee7d57"},"name":"Saturn","type":"Gas giant","orderFromSun":6.0,"radius":{"value":60268.0,"units":"km"},"mass":{"value":5.6834E+26,"units":"kg"},"sma":{"value":1.43353E+09,"units":"km"},"orbitalPeriod":{"value":29.457,"units":"years"},"eccentricity":0.0566,"meanOrbitalVelocity":{"value":9.68,"units":"km/sec"},"rotationPeriod":{"value":0.445,"units":"days"},"inclinationOfAxis":{"value":26.73,"units":"degrees"},"meanTemperature":-170.0,"gravity":{"value":10.44,"units":"m/s^2"},"escapeVelocity":{"value":35.5,"units":"km/sec"},"meanDensity":0.687,"atmosphericComposition":"H2+He","numberOfMoons":62.0,"hasRings":true,"hasMagneticField":true}
{"_id":{"$oid":"59a06674c8df9f3cd2ee7d56"},"name":"Jupiter","type":"Gas giant","orderFromSun":5.0,"radius":{"value":71492.0,"units":"km"},"mass":{"value":1.89819E+27,"units":"kg"},"sma":{"value":7.7857E+08,"units":"km"},"orbitalPeriod":{"value":11.86,"units":"years"},"eccentricity":0.0489,"meanOrbitalVelocity":{"value":13.06,"units":"km/sec"},"rotationPeriod":{"value":0.41,"units":"days"},"inclinationOfAxis":{"value":3.08,"units":"degrees"},"meanTemperature":-150.0,"gravity":{"value":24.79,"units":"m/s^2"},"escapeVelocity":{"value":59.5,"units":"km/sec"},"meanDensity":1.33,"atmosphericComposition":"H2+He","numberOfMoons":67.0,"hasRings":true,"hasMagneticField":true}
{"_id":{"$oid":"59a06674c8df9f3cd2ee7d53"},"name":"Venus","type":"Terrestrial planet","orderFromSun":2.0,"radius":{"value":6051.8,"units":"km"},"mass":{"value":4.8675E+24,"units":"kg"},"sma":{"value":1.0821E+08,"units":"km"},"orbitalPeriod":{"value":0.615,"units":"years"},"eccentricity":0.0067,"meanOrbitalVelocity":{"value":35.02,"units":"km/sec"},"rotationPeriod":{"value":243.69,"units":"days"},"inclinationOfAxis":{"value":177.36,"units":"degrees"},"meanTemperature":465.0,"gravity":{"value":8.87,"units":"m/s^2"},"escapeVelocity":{"value":10.36,"units":"km/sec"},"meanDensity":5.25,"atmosphericComposition":"CO2","numberOfMoons":0.0,"hasRings":false,"hasMagneticField":false}
{"_id":{"$oid":"59a06674c8df9f3cd2ee7d52"},"name":"Mercury","type":"Terrestrial planet","orderFromSun":1.0,"radius":{"value":4879.0,"units":"km"},"mass":{"value":3.3E+23,"units":"kg"},"sma":{"value":5.791E+07,"units":"km"},"orbitalPeriod":{"value":0.24,"units":"years"},"eccentricity":0.2056,"meanOrbitalVelocity":{"value":47.36,"units":"km/sec"},"rotationPeriod":{"value":58.65,"units":"days"},"inclinationOfAxis":{"value":0.0,"units":"degrees"},"meanTemperature":125.0,"gravity":{"value":3.24,"units":"m/s^2"},"escapeVelocity":{"value":4.25,"units":"km/sec"},"meanDensity":5.43,"atmosphericComposition":"","numberOfMoons":0.0,"hasRings":false,"hasMagneticField":true}
{"_id":{"$oid":"59a06674c8df9f3cd2ee7d51"},"name":"Sun","type":"Star","orderFromSun":0.0,"radius":{"value":695700.0,"units":"km"},"mass":{"value":1.9885E+30,"units":"kg"},"sma":{"value":0.0,"units":"km"},"orbitalPeriod":{"value":0.0,"units":"years"},"eccentricity":0.0,"meanOrbitalVelocity":{"value":0.0,"units":"km/sec"},"rotationPeriod":{"value":25.449,"units":"days"},"inclinationOfAxis":{"value":7.25,"units":"degrees"},"meanTemperature":5600.0,"gravity":{"value":274.0,"units":"m/s^2"},"escapeVelocity":{"value":617.7,"units":"km/sec"},"meanDensity":1.4,"atmosphericComposition":"H2+He","numberOfMoons":0.0,"hasRings":false,"hasMagneticField":true}
{"_id":{"$oid":"59a06674c8df9f3cd2ee7d55"},"name":"Mars","type":"Terrestrial planet","orderFromSun":4.0,"radius":{"value":3396.2,"units":"km"},"mass":{"value":6.4171E+23,"units":"kg"},"sma":{"value":2.2792E+08,"units":"km"},"orbitalPeriod":{"value":1.881,"units":"years"},"eccentricity":0.0935,"meanOrbitalVelocity":{"value":24.07,"units":"km/sec"},"rotationPeriod":{"value":1.029,"units":"days"},"inclinationOfAxis":{"value":25.19,"units":"degrees"},"meanTemperature":-53.0,"gravity":{"value":3.71,"units":"m/s^2"},"escapeVelocity":{"value":5.03,"units":"km/sec"},"meanDensity":3.93,"atmosphericComposition":"CO2","numberOfMoons":2.0,"hasRings":false,"hasMagneticField":false}
