{"_id":"aggregations.bronze_banking","viewOn":"customers","pipeline":[{"$match":{"accountType":"bronze"}},{"$project":{"_id":0.0,"name":{"$concat":[{"$cond":[{"$eq":["$gender","female"]},"Miss","Mr."]}," ","$name.first"," ","$name.last"]},"phone":1.0,"email":1.0,"address":1.0,"account_ending":{"$substr":["$accountNumber",7.0,-1.0]}}}]}
{"_id":"aggregations.silver_banking","viewOn":"customers","pipeline":[{"$match":{"accountType":"silver"}},{"$project":{"email":1.0,"address":1.0,"account_ending":{"$substr":["$accountNumber",7.0,-1.0]},"_id":0.0,"name":{"$concat":[{"$cond":[{"$eq":["$gender","female"]},"Miss","Mr."]}," ","$name.first"," ","$name.last"]},"phone":1.0}}]}
{"_id":"aggregations.gold_banking","viewOn":"customers","pipeline":[{"$match":{"accountType":"gold"}},{"$project":{"_id":0.0,"name":{"$concat":[{"$cond":[{"$eq":["$gender","female"]},"Miss","Mr."]}," ","$name.first"," ","$name.last"]},"phone":1.0,"email":1.0,"address":1.0,"account_ending":{"$substr":["$accountNumber",7.0,-1.0]}}}]}
